/*!40101 SET @OLD_CHARACTER_SET_CLIENT=@@CHARACTER_SET_CLIENT */;
/*!40101 SET @OLD_CHARACTER_SET_RESULTS=@@CHARACTER_SET_RESULTS */;
/*!40101 SET @OLD_COLLATION_CONNECTION=@@COLLATION_CONNECTION */;
/*!40101 SET NAMES utf8mb4 */;
/*!40014 SET @OLD_UNIQUE_CHECKS=@@UNIQUE_CHECKS, UNIQUE_CHECKS=0 */;
/*!40014 SET @OLD_FOREIGN_KEY_CHECKS=@@FOREIGN_KEY_CHECKS, FOREIGN_KEY_CHECKS=0 */;
/*!40101 SET @OLD_SQL_MODE=@@SQL_MODE, SQL_MODE='NO_AUTO_VALUE_ON_ZERO' */;
/*!40111 SET @OLD_SQL_NOTES=@@SQL_NOTES, SQL_NOTES=0 */;

DROP TABLE IF EXISTS `heritage_categories`;
CREATE TABLE `heritage_categories` (
  `id` int NOT NULL AUTO_INCREMENT,
  `name` longtext,
  `description` longtext,
  `urlslug` varchar(255) NOT NULL,
  PRIMARY KEY (`id`),
  UNIQUE KEY `id` (`id`)
) ENGINE=InnoDB AUTO_INCREMENT=24 DEFAULT CHARSET=utf8mb4 COLLATE=utf8mb4_0900_ai_ci;

DROP TABLE IF EXISTS `heritage_paragraphs`;
CREATE TABLE `heritage_paragraphs` (
  `id` bigint unsigned NOT NULL AUTO_INCREMENT,
  `title` longtext CHARACTER SET utf8mb4 COLLATE utf8mb4_0900_ai_ci,
  `heritage_id` int NOT NULL,
  `description` longtext CHARACTER SET utf8mb4 COLLATE utf8mb4_0900_ai_ci NOT NULL,
  `image_url` longtext,
  `image_description` longtext CHARACTER SET utf8mb4 COLLATE utf8mb4_0900_ai_ci,
  UNIQUE KEY `id` (`id`),
  KEY `heritage_id` (`heritage_id`),
  CONSTRAINT `heritage_paragraphs_ibfk_1` FOREIGN KEY (`heritage_id`) REFERENCES `heritages` (`id`)
) ENGINE=InnoDB AUTO_INCREMENT=96 DEFAULT CHARSET=utf8mb4 COLLATE=utf8mb4_0900_ai_ci;

DROP TABLE IF EXISTS `heritage_types`;
CREATE TABLE `heritage_types` (
  `id` int NOT NULL AUTO_INCREMENT,
  `name` longtext,
  `description` longtext,
  `urlslug` varchar(255) NOT NULL,
  PRIMARY KEY (`id`),
  UNIQUE KEY `id` (`id`)
) ENGINE=InnoDB AUTO_INCREMENT=15 DEFAULT CHARSET=utf8mb4 COLLATE=utf8mb4_0900_ai_ci;

DROP TABLE IF EXISTS `heritages`;
CREATE TABLE `heritages` (
  `id` int NOT NULL AUTO_INCREMENT,
  `name` longtext CHARACTER SET utf8mb4 COLLATE utf8mb4_0900_ai_ci NOT NULL,
  `heritage_type_id` int NOT NULL,
  `location_id` int NOT NULL,
  `management_unit_id` int NOT NULL,
  `time` varchar(255) CHARACTER SET utf8mb4 COLLATE utf8mb4_0900_ai_ci NOT NULL DEFAULT '1990',
  `urlslug` varchar(255) NOT NULL,
  `heritage_category_id` int NOT NULL,
  `short_description` longtext,
  `image_360_url` longtext CHARACTER SET utf8mb4 COLLATE utf8mb4_0900_ai_ci,
  `view_count` int DEFAULT NULL,
  `video_url` longtext,
  PRIMARY KEY (`id`),
  UNIQUE KEY `id` (`id`),
  KEY `heritage_type_id` (`heritage_type_id`),
  KEY `management_unit_id` (`management_unit_id`),
  KEY `location` (`location_id`),
  KEY `heritage_category_id` (`heritage_category_id`),
  CONSTRAINT `heritages_ibfk_2` FOREIGN KEY (`management_unit_id`) REFERENCES `management_units` (`id`),
  CONSTRAINT `heritages_ibfk_3` FOREIGN KEY (`location_id`) REFERENCES `locations` (`id`),
  CONSTRAINT `heritages_ibfk_5` FOREIGN KEY (`heritage_type_id`) REFERENCES `heritage_types` (`id`),
  CONSTRAINT `heritages_ibfk_6` FOREIGN KEY (`heritage_category_id`) REFERENCES `heritage_categories` (`id`)
) ENGINE=InnoDB AUTO_INCREMENT=68 DEFAULT CHARSET=utf8mb4 COLLATE=utf8mb4_0900_ai_ci;

DROP TABLE IF EXISTS `locations`;
CREATE TABLE `locations` (
  `id` int NOT NULL AUTO_INCREMENT,
  `name` varchar(255) CHARACTER SET utf8mb4 COLLATE utf8mb4_0900_ai_ci NOT NULL,
  `urlslug` varchar(255) NOT NULL,
  `image_url` longtext,
  `short_description` text,
  `description` text,
  PRIMARY KEY (`id`),
  UNIQUE KEY `id` (`id`)
) ENGINE=InnoDB AUTO_INCREMENT=34 DEFAULT CHARSET=utf8mb4 COLLATE=utf8mb4_0900_ai_ci;

DROP TABLE IF EXISTS `management_units`;
CREATE TABLE `management_units` (
  `id` int NOT NULL AUTO_INCREMENT,
  `name` varchar(255) NOT NULL,
  `description` text,
  `urlslug` varchar(255) NOT NULL,
  `image_url` longtext,
  `address` text CHARACTER SET utf8mb4 COLLATE utf8mb4_0900_ai_ci,
  `note` text,
  `short_description` text,
  PRIMARY KEY (`id`),
  UNIQUE KEY `id` (`id`)
) ENGINE=InnoDB AUTO_INCREMENT=29 DEFAULT CHARSET=utf8mb4 COLLATE=utf8mb4_0900_ai_ci;

DROP TABLE IF EXISTS `users`;
CREATE TABLE `users` (
  `id` int NOT NULL AUTO_INCREMENT,
  `user_name` varchar(255) CHARACTER SET utf8mb4 COLLATE utf8mb4_0900_ai_ci NOT NULL,
  `subscribe_day` datetime DEFAULT CURRENT_TIMESTAMP,
  `password` varchar(50) NOT NULL,
  `permission` tinyint(1) NOT NULL,
  PRIMARY KEY (`id`),
  UNIQUE KEY `id` (`id`)
) ENGINE=InnoDB AUTO_INCREMENT=17 DEFAULT CHARSET=utf8mb4 COLLATE=utf8mb4_0900_ai_ci;

INSERT INTO `heritage_categories` (`id`, `name`, `description`, `urlslug`) VALUES
(1, 'Di sản văn hóa thế giới', 'Di sản văn hóa thế giới', 'di-san-van-hoa-the-gioi');
INSERT INTO `heritage_categories` (`id`, `name`, `description`, `urlslug`) VALUES
(2, 'Di sản hỗn hợp', 'Di sản hỗn hợp', 'di-san-hon-hop');
INSERT INTO `heritage_categories` (`id`, `name`, `description`, `urlslug`) VALUES
(3, 'Di tích quốc gia', 'Di tích quốc gia', 'di-tich-quoc-gia');
INSERT INTO `heritage_categories` (`id`, `name`, `description`, `urlslug`) VALUES
(4, 'Nghệ thuật trình diễn dân gian', 'Nghệ thuật trình diễn dân gian', 'nghe-thuat-trinh-dien-dan-gian'),
(5, 'Lễ hội truyền thống', 'Lễ hội truyền thống', 'le-hoi-truyen-thong'),
(6, 'Tập quán xã hội và tín ngưỡng', 'Tập quán xã hội và tín ngưỡng', 'tap-quan-xa-hoi-va-tin-nguong'),
(7, 'Tiếng nói, chữ viết', 'Tiếng nói, chữ viết', 'tieng-noi-chu-viet'),
(8, 'Nghề thủ công truyền thống', 'Nghề thủ công truyền thống', 'nghe-thu-cong-truyen-thong'),
(9, 'Tri thức dân gian', 'Tri thức dân gian', 'tri-thuc-dan-gian'),
(10, 'Ngữ văn dân gian', 'Ngữ văn dân gian', 'ngu-van-dan-gian'),
(11, 'Hiện vật', 'Hiện vật', 'hien-vat'),
(12, 'Tượng', 'Tượng', 'tuong'),
(13, 'Phương tiện', 'Phương tiện', 'phuong-tien'),
(14, 'Vũ khí', 'Vũ khí', 'vu-khi'),
(15, 'Trang sức', 'Trang sức', 'trang-suc'),
(16, 'Công trình', 'Công trình', 'cong-trinh'),
(17, 'Khác', 'Khác', 'khac');

INSERT INTO `heritage_paragraphs` (`id`, `title`, `heritage_id`, `description`, `image_url`, `image_description`) VALUES
(28, 'Trống đồng Hoàng Hạ Trong Văn Hoá', 2, 'Trống đồng Hoàng Hạ được coi là phó bản trong số các trống đồng Đông Sơn. Đây là chiếc trống có vẻ đẹp rất kém về độ đẹp và độ nổi tiếng chỉ sau trống đồng Ngọc Lũ. Thân trống được chia làm 3 đoạn, đường kính mặt 78,5 cm, cao 61,5 cm, trên mặt trống có khắc hình ngôi sao 16 cánh và 15 hình tròn, là đồ trang trí của 14 con chim có mỏ dài. , chân và đuôi mở rộng; con người theo phong cách mang giáo, rìu và ống trong bối cảnh của lễ kỷ niệm sống; 2 ngôi nhà sàn, một ngôi nhà có chim đứng trên mái cong, bên trong ngôi nhà có cảnh 2 người đàn ông đánh trống da và một cặp vợ chồng chơi trò vỗ tay, trong một ngôi nhà khác là cảnh 4 người đàn ông đánh trống đồng, gần đó là một cặp vợ chồng xay lúa; 2 ngôi nhà sàn đối xứng nhau theo kiểu nhà sàn với những con chim đứng trên mái cong.', NULL, '');
INSERT INTO `heritage_paragraphs` (`id`, `title`, `heritage_id`, `description`, `image_url`, `image_description`) VALUES
(29, 'Hoạ tiết trên trống đồng Hoàng Hạ', 2, 'Đồ trang trí trên thân trống là: 6 chiếc thuyền có họa tiết nam đánh trống, nam đội mũ lông vũ, cầm giáo, tay cầm chèo. Mỗi thuyền có 2 tầng, tầng trên có họa tiết người đàn ông đang nhắm cung, ở tầng dưới có họa tiết trống đồng và một người một tay túm tóc người đàn ông khỏa thân khác, tay kia giơ giáo giống như cảnh giết người bị bắt làm vật tế thần. Giữa thuyền có họa tiết chim và dưới thuyền có họa tiết cá di chuyển. Trên thân trống cũng có họa tiết các chiến binh theo kiểu trang trí lông vũ mang rìu.\r\n<image>\r\nLiên quan đến văn hóa Đông Sơn, các đồ trang trí trên trống đồng Hoàng Hạ là mô tả cảnh thực của cuộc sống. Mỗi loại đồ trang trí đều có một ý nghĩa nhất định mà các học giả trong và ngoài nước đã diễn giải theo nhiều cách khác nhau. Sự hiểu biết về nghệ thuật luôn mơ hồ trong quá khứ và bây giờ.\r\n<image>\r\nNgười đầu tiên coi trống đồng Hoàng Hạ là công cụ lịch của người Việt cổ là nhà nghiên cứu Việt Nam học Bùi Huy Hồng. Theo ý kiến ​​của ông, trống có thể được sử dụng để xác định điểm phân hoặc điểm đông và mùa hè theo các đồ trang trí trên mặt trống. Ông đã cung cấp một thí nghiệm hơn 40 năm trước: đặt trống trên bề mặt ngang và cọc thẳng đứng cao 345 mm ở trung tâm của mặt trống (cọc để đo bóng ánh sáng mặt trời ở thời điểm hiện tại), ông biết rằng điểm phân sẽ xảy ra khi bóng của cây cọc cuối buổi trưa nằm trên giữa vòng cung trang trí của trống. Ông coi trống đồng là vật xem mặt trời và lịch từ thời vua Hùng.\r\n<br>\r\nCách lý giải này của Bùi Huy Hồng đã gây ra nhiều cuộc tranh luận giữa các học giả. Chúng ta không biết chính xác liệu người cổ đại có sử dụng trống làm lịch hay không, nhưng rõ ràng đây là một trong những nỗ lực giải mã đồ trang trí của trống. Người Việt cổ tạo ra những đồ trang sức này không chỉ để làm đẹp, các học giả tin rằng ngôi sao 16 cánh là mặt trời và các chiến binh mang vũ khí xung quanh ngôi sao tham gia vào một nghi lễ lễ hội có lẽ đó là nghi lễ hiến sinh của một con bò đực hoặc một con trâu như được mô tả trong một Đồng Sơn trống đồng cảnh bò tót bị trói chặt và người nâng rìu. Trong trống hội Hoàng Hạ cũng là cảnh hiến sinh trên thuyền được cho là gắn liền với nghi lễ cầu mưa, một nghi lễ phổ biến ở nhiều vùng miền Việt Nam xưa.', 'https://quavangviet24k.vn/pic/News/images/124trong41(2).jpg, https://baotanglichsu.vn/DataFiles/asset/upload/bao-vat-quoc-gia/1_1_1.jpg', 'Hoạ tiết trên trống đồng Hoàng Hạ, Tượng đồng biểu tượng trống đồng Việt Nam');
INSERT INTO `heritage_paragraphs` (`id`, `title`, `heritage_id`, `description`, `image_url`, `image_description`) VALUES
(31, 'Trống đồng cổ Hoàng Hạ được tìm thấy ở Phú Xuyên', 2, 'Trống đồng Hoàng Hạ còn giúp các nhà nghiên cứu hiểu thêm về vị trí của Hà Nội hiện nay cách đây 2000 năm. Chiếc trống được tìm thấy ở độ sâu 1,5m mặt đất ngày 13/7/1937 khi đang đào kênh dẫn nước tại xã Nội, phường Hoàng Hà, huyện Phú Xuyên. Sự thật đáng kể nhất là chiếc trống được tìm thấy trong lòng đất, bằng chứng rằng chủ nhân của chiếc trống là người địa phương, họ đã sử dụng và chôn cất chiếc trống và chiếc trống không phải do người lạ mang đến đây từ nơi khác, giả thiết này được khẳng định bởi mảnh khuôn trống được tìm thấy cách đây không lâu.\r\n<image>\r\nViệc phát hiện ra trống đồng Hoàng Hạ ở huyện Phú Xuyên giúp các nhà khảo cổ học hiểu thêm về vùng đất này. Khoảng 5000 năm trước, khu vực Hà Nội ngày nay nằm dưới mực nước biển và ngập trong nước, 4000 năm trước biển không còn và vùng đất bằng phẳng dần xuất hiện, người dân từ vùng cao đến đây sinh sống. Một số cộng đồng cổ đại đã để lại di tích của họ trong lòng đất như những dụng cụ bằng đá và đồng. Tuy nhiên, không phải nơi nào người xưa cũng có thể lập nghiệp, ở những vùng đất trũng thuộc 4 huyện ngoại thành Hà Nội hiện nay là Phú Xuyên, Thanh Oai, Ứng Hòa, Mỹ Đức.họ không thể xây dựng nhà cửa, không nơi nương tựa trước thời Đông Sơn, điều này khẳng định sự hiện diện của con người ở đó vào thời đó. Chỉ 2000 năm trước, những vùng đất trũng này đã được phù sa bồi đắp lên cao hơn để người dân đến sinh sống đã gây ra sự bùng nổ nhân khẩu học ở đó, chính họ là tác giả của trống đồng Hoàng Hạ. Có lẽ chiếc trống đã được sử dụng trong các sự kiện lễ kỷ niệm và được chôn cất như một nơi chôn cất người chết. Trống đồng Hoàng Hà trên đất Phú Xuyên là chứng tích của nền văn hóa Đông Sơn mà nhân dân, bằng mồ hôi nước mắt của mình, đã khai khẩn và biến vùng đất chiêm trũng phía Nam Hà Nội thành một vùng đất trù phú như ngày nay.', 'https://quavangviet24k.vn/pic/News/images/05fdcafed3bd3ae363ac.jpg', 'Trống đồng Hoàng Hạ ở huyện Phú Xuyên');
INSERT INTO `heritage_paragraphs` (`id`, `title`, `heritage_id`, `description`, `image_url`, `image_description`) VALUES
(35, 'Mở đầu', 1, 'Là bảo vật đầu tiên trong danh sách những Bảo vật Quốc gia được công nhận, Trống đồng Ngọc Lũ được ví như một quyển sách chép lại toàn bộ văn hóa thời kỳ Đông Sơn cách đây 2.500 năm bằng hình ảnh. Hãy cùng Royal Gift tìm hiểu rõ hơn về nguồn gốc, hình ảnh, hoạ tiết hoa văn của mặt trống đồng Ngọc Lũ qua những chia sẻ bên dưới.', NULL, NULL),
(36, 'Trống đồng Ngọc Lũ có từ bao giờ?', 1, 'Ngọc Lũ là một trong những chiếc trống đồng Đông Sơn có kích thước lớn và hoa văn phong phú nhất.\r\n<br>\r\nTrong thời kỳ hình thành và phát triển của nền văn minh Việt cổ, dân tộc ta đã có một loại di vật tiêu biểu đó chính là Trống đồng. Có thể nói đây là sản phẩm của thời kỳ cực thịnh của Nhà nước Văn Lang. Trống đồng Ngọc Lũ có niên đại khoảng 2.500 năm, được xếp vào loại H1 - Heger (theo sự phân loại dựa trên 165 chiếc trống đồng được biết đến thời điểm ấy của học giả F.Héger - người Áo - vào năm 1902), H1 là “loại cổ nhất, cơ bản nhất và từ loại này mà các loại khác ra đời”. Ngọc Lũ là một trong số không nhiều trống đồng giữ vai trò ấy.\r\n<image>', 'https://file.hstatic.net/200000029822/file/trong_dong_ngoc_lu_c3dd6762924544ec93d467251f5a88bd.jpg', 'Trống đồng Ngọc Lũ I là một kiệt tác được sáng tạo trong thời kỳ cực thịnh của văn hóa Đông Sơn'),
(37, 'Trống đồng Ngọc Lũ được phát hiện ở đâu?', 1, 'Người ta cho rằng trống đồng Ngọc Lũ và Đông Sơn đều là dòng trống cổ nhất của Việt Nam. Trống đồng Ngọc Lũ được phát hiện vào dịp nông dân đi đắp đê ở hữu ngạn sông Hồng và tìm thấy. Sản phẩm được cúng vào đình làng Ngọc Lũ, để khi có đình đám cúng tế thì dùng.\r\n<image>\r\nNgười ta cho rằng trống đồng Ngọc Lũ và Đông Sơn đều là dòng trống cổ nhất của Việt Nam. Trống đồng Ngọc Lũ được phát hiện vào dịp nông dân đi đắp đê ở hữu ngạn sông Hồng và tìm thấy. Sản phẩm được cúng vào đình làng Ngọc Lũ, để khi có đình đám cúng tế thì dùng.', 'https://file.hstatic.net/200000029822/file/trong-dong-ngoc-lu_008a58b1ab254ec6b5394446ab8fbcb5.gif', 'Trống đồng Ngọc Lũ'),
(38, 'Ý nghĩa trống đồng Ngọc Lũ', 1, 'Đến nay, nhiều câu hỏi xung quanh Bảo vật quốc gia này vẫn còn chưa được giải đáp hoặc có lời giải nhưng vẫn còn nhiều nghi vấn, khúc mắc..Dù vậy, một điều chắc chắn không ai có thể phủ nhận đó là Trống đồng Ngọc Lũ là một bảo vật đặc biệt linh thiêng của người Việt. Bảo vật này hội tụ cả một nền văn minh có niên đại hơn 2.500 năm.\r\n<br>\r\nTrống đồng Ngọc Lũ là biểu tượng cường thịnh của nền văn hóa Đông Sơn mà ở đó có đầy đủ yếu tố kỹ thuật đúc đồng, trình độ mỹ thuật và chế tác đồ đồng rất cao mà ngày nay chúng ta vẫn vô cùng thán phục. Trống đồng Ngọc Lũ hay trống đồng Đông Sơn đều là dấu ấn đặc biệt của thời đại các Vua Hùng dựng nước.', NULL, NULL),
(39, 'Thuyết minh về hoạ tiết trên mặt trống đồng Ngọc Lũ', 1, 'Trống có patin màu xanh ngả xám, đường kính mặt 79,3cm, cao 63cm, nặng 86kg, thuộc loại kích thước lớn. Mặt trống đúc liền chờm ra khỏi tang. Tang trống nở phình, thân trống hình trụ đứng, chân trống hình nón cụt hơi choãi.\r\n<br>\r\nMặt trống chính giữa đúc nổi ngôi sao 14 cánh bao quanh một mặt tròn nổi, chính là núm để đánh trống. Xen giữa các cánh sao là những họa tiết hình lông công. \r\n<image>\r\nBao quanh ngôi sao là 16 vành hoa văn. Vành 1, 5, 11 và 16: Những hàng chấm nhỏ. Vành 2, 4, 7, 9, 13 và 14: Những vòng tròn chấm giữa có tiếp tuyến. Vành 3: Những hàng chữ ∫ gẫy khúc nối tiếp. Vành 12 và 16: Văn răng cưa. Vành 6, 8 và 10: Hình người và động vật đi quanh ngôi sao theo hướng ngược chiều kim đồng hồ. Trong đó là các nhóm: Người mặc áo lông chim đang nhảy múa, người giã gạo chày đôi, người đánh trống, nhà sàn mái cong, hươu đang đi cùng chim mỏ ngắn bay và chim mỏ dài đứng.\r\n<br>\r\nTang trống chính là chiếc hộp cộng hưởng khuếch đại âm thanh. Phần trên có 6 vành hoa văn hình học. Vành 1 và 6: Những đường chấm nhỏ thẳng hàng. Vành 2 và 5: Văn răng cưa. Vành 3 và 4: Hoa văn vòng tròn đồng tâm chấm giữa nối với nhau bằng những tiếp tuyến song song. Phần dưới là 6 chiếc thuyền chuyển động từ trái sang phải, chở chiến binh tay cầm vũ khí và tù binh, xen giữa là những hình chim cò ngậm cá, chó săn được thể hiện theo lối cách điệu. Gắn giữa tang và thân trống là hai đôi quai kép đúc nổi hoa văn bông lúa, đối xứng nhau.\r\n<image>\r\nThân trống hình trụ đứng, là bộ phận nắn âm thanh. Phần giữa của thân có những hoa văn hình học chạy song song cắt nhau tạo thành 6 ô hình chữ nhật. Trong ô là các võ sĩ đầu đội mũ lông chim, tay cầm vũ khí vừa đi vừa múa. Phần dưới của thân là ba vành hoa văn hình học, giữa là vành văn vòng tròn chấm giữa có tiếp tuyến. Hai bên là hai đường chấm nhỏ. Ngoài cùng là hai đường chỉ trơn.', 'https://file.hstatic.net/200000029822/file/giai_ma_trong_dong_ngoc_lu_99c08f2513434d41a0d98aae5443a39d.jpg, https://file.hstatic.net/200000029822/file/hinh_thuyen_trong_dong_ngoc_lu_a0bae301a0004115b67b84496bb64b22.jpg', 'Mặt trống đồng Ngọc Lũ, Hình thuyền trên thân trống '),
(40, 'Mở đầu', 3, 'Chiếc thạp nổi tiếng này được phong Bảo vật Quốc gia ngay đợt đầu cùng với 30 Bảo vật khác. Đây là chiếc thạp lớn nhất Việt Nam và có lẽ là lớn nhất thế giới nữa, vì chỉ có nước ta mới có…thạp đồng, hiện vật độc đáo của văn hóa Đông Sơn.', NULL, NULL),
(41, 'Câu chuyện tìm ra Thạp đồng Đào Thịnh', 3, 'Thạp đồng Đào Thịnh được phát hiện sau một vụ lở sông đầu những năm 1960. Chiếc thạp cùng một số đồ đồng khác như trống, chậu nằm trong dấu tích một khu mộ quý tộc Đông Sơn giàu có. Bên trong chiếc thạp mới bị lở ra đó còn vết xương người và một số đồ đồng thau tùy táng khác.\r\n<image>', 'http://redsvn.net/wp-content/uploads/2016/02/Redsvn-Thap-Dao-Thinh-01.jpg', 'Thạp đồng Đào Thịnh'),
(42, 'Công dụng của Thạp đồng Đào Thịnh', 3, 'Theo tài liệu của Bảo tàng Lịch sử quốc gia, thạp đồng Đào Thịnh có niên đại khoảng 2.500 năm. Thạp cao 96cm; đường kính nắp: 64cm; đường kính đáy: 60cm, đường kính thân nơi rộng nhất: 70cm.\r\n<br>\r\nThạp là loại hình di vật được phát hiện khá nhiều và khá tiêu biểu trong văn hóa Đông Sơn. Thạp là một trong những đồ đựng của cư dân Đông Sơn, ngoài ra nó còn được dùng trong nghi thức chôn cất người chết. Thạp còn đầy đủ cả thân và nắp.\r\n<br>\r\nThạp Đào Thịnh là một hiện vật điển hình, chức năng chính của nạp là đồ đựng dự trữ lương thực. Khi được phát hiện, trong thập còn chứa nhiều than tro và rằng người chết, điều đó chứng tỏ chiếc thạp còn được dùng làm quan tài mai táng chủ nhân sau khi hỏa thiêu.', NULL, NULL),
(43, 'Các hình vẽ trên Thạp', 3, 'Thân thập có hình khắc 6 chiến thuyền mũi cong, có nhiều người mặc y phục hóa trang lông chim, đứng trên sàn thuyền, giữa lòng thuyền có một pháo đài trên có người đang cầm cung trong tư thế sẵn sàng chiến đấu.\r\n<br>\r\nCác chiến binh còn lại, người cầm cung, lao, giáo, rìu chiến, dao găm. Theo thứ tự ai sử dụng vũ khí đánh xa thì đứng trước, vũ khí đánh gần đứng giữa và phòng vệ thì đứng sau cùng.\r\n<br>\r\nTừ hình dáng, cấu trúc của con thuyền ấy cũng như sức chở và sự bố trí bình lọc trên thuyền đã phản ánh kỹ thuật đóng thuyền thời kỳ này rất phát triển, cư dân Đông Sơn không chỉ có tài năng chiến đấu trên bộ mà còn thành thạo cả thủy chiến, có đủ một bản lĩnh quân sự vững vàng trong một xã hội sản xuất phát triển đã có sự phân tầng giai cấp.\r\n<br>\r\nNhững đề tài trang trí trên nắp thạp là 4 cặp tượng trai gái đang giao hợp (hiện còn 2 cặp). Trai thì xõa tóc, ngang hông đeo dao găm, đóng khố. Gái thì bận váy ngắn. Bộ phận sinh dục của nam giới được thể hiện rất rõ. Qua đó, có thể thấy được quan điểm, tính phồn thực rất rõ ràng của cư dân Việt cổ.\r\n<image>', 'https://cdn.phongthuytamnguyen.com/pttn/uploads/images/lg_2021_07_23_z2633859797144_7b6d00771c4f6ff688dbccd9b097c200.jpg', 'Ý nghĩa các hình vẽ trên Thạp'),
(44, 'Ý nghĩa của Thạp đồng', 3, 'Thạp đồng, mà đại diện là thạp Đào Thịnh thể hiện mong muốn của người dân về sự sinh sôi nảy nở, trời đất mưa thuận gió hòa. Những hoa văn về sự giao tình giữa các cặp nam nữ cũng cho thấy con người Việt cổ tin và sự cân bằng âm dương.\r\n<br>\r\nHình ảnh sinh thực khí lớn hơn bình thường còn khẳng định thời kỳ đó đã bắt đầu nảy sinh sự phóng đại của tính đực. Hiện thạp đồng Đào Thịnh đang được trưng bày tại Bảo tàng Lịch sử quốc gia.\r\n<br>\r\nTượng nam nữ giao hoan trên nắp thạp đồng là biểu tượng của tín ngưỡng phồn thực trong văn hóa dân gian. Tín ngưỡng này đậm nét trong cư dân nông nghiệp trồng lúa nước, đặc biệt là thời kỳ văn hóa\r\n<br>\r\nĐông Sơn. Trong quan niệm của người xưa, trời là dương, đất là âm. Âm - Dương kết hợp khiến cho vạn vật sinh sôi nảy nở là quan niệm xuyên suốt, chi phối văn hóa của nhiều dân tộc phương Đông, trong đó có Việt Nam.\r\n<br>\r\nThời kỳ văn hóa Đông Sơn có nhiều tín ngưỡng đan xen tồn tại nhưng phồn thực vẫn là tín ngưỡng nổi bật. Tín ngưỡng này còn kéo dài đến ngày nay, được biến điệu đi, như tục thờ nò nưỡng được bảo lưu tại một số tỉnh miền Bắc. Ngoài thạp Đào Thịnh, một số đồ đồng khác cũng có những hoa văn hoặc tượng đúc nổi mang tín ngưỡng phồn thực này.\r\n<image>', 'https://cdn.phongthuytamnguyen.com/pttn/uploads/images/lg_2021_07_23_z2633859799950_8c5defa9d9a6f39a0946085ba809b2c4.jpg', 'Thạp đồng dùng dự trữ lương thực hoặc dùng để chôn cất'),
(45, 'Mở đầu', 4, 'Tượng được công nhận là bảo vật quốc gia từ năm 2012, đang trưng bày cùng nhiều hiện vật tại khu Di tích văn hóa Đông Sơn ở tầng một, Bảo tàng Lịch sử Quốc gia. Với kích thước khá nhỏ, bảo vật dễ bị bỏ qua nếu người thưởng lãm hiện vật ở bảo tàng không quan sát kỹ <image>', 'https://vov2.vov.vn/sites/default/files/images/photo-17-1484094390837.jpg', 'Tượng đồng hai người cõng nhau thổi khèn'),
(46, 'Nguồn gốc và thời điểm phát hiện', 4, 'Theo Bảo tàng Lịch sử Quốc gia, tượng có từ thời văn hóa Đông Sơn, cách nay khoảng 2.500 - 2.000 năm. Tác phẩm được nhà khảo cổ học Thụy Điển Olov Janse phát hiện trong quá trình khai quật mộ cổ ở Lạch Trường, Hoằng Hóa, Thanh Hóa vào năm 1934 và chuyển về Bảo tàng Louis Finot (nay là Bảo tàng Lịch sử quốc gia). Tuy nhiên, một số nhà khoa học cho rằng bảo vật do ông Pajot - nhân viên thuế quan của Pháp - thu được khi khai quật các di tích ở Thanh Hóa từ 1925-1927.<image>', 'https://i1-giaitri.vnecdn.net/2022/09/01/tu-o-ng-ngu-o-i-co-ng-nhau-tho-3757-2389-1662033980.jpg?w=1020&h=0&q=100&dpr=1&fit=crop&s=319ScTLQTOTyXIpLq5_vMw', 'Tượng hai người cõng nhau thổi khèn (hiện vật màu vàng, thứ ba, từ phải qua) tại khu trưng bày ở bảo tàng Lịch sử quốc gia'),
(47, 'HÌnh dáng bên ngoài', 4, 'Tác phẩm khắc họa hình ảnh một người ở dưới trong tư thế cong lưng, hai chân như đang nhún nhảy, tay choàng ra sau ôm đỡ người trên lưng. Người ngồi trên miệng ngậm khèn, một tay đỡ khèn, một tay vịn người cõng. Mắt, mũi, miệng của nhân vật được mô tả chi tiết.\r\n<image>\r\nCác nhà khoa học nhận định đây là tượng hai người đàn ông, với các đặc điểm như đóng khố, tóc búi cao, đầu chít khăn đầu rìu (loại khăn chít đầu của đàn ông Việt thời xưa, có mối vểnh lên trước trán như hình cái đầu rìu), tai đeo khuyên to, vòng đeo tay... Theo Giáo sư, Tiến sĩ Trịnh Sinh - từng công tác tại Viện khảo cổ học, các nghiên cứu về tượng nữ trên hoa văn thời Đông Sơn thì họ diện trang phục khác.\r\n<image>\r\nTheo Bảo tàng Lịch sử Quốc gia, tượng có từ thời văn hóa Đông Sơn, cách nay khoảng 2.500 - 2.000 năm. Tác phẩm được nhà khảo cổ học Thụy Điển Olov Janse phát hiện trong quá trình khai quật mộ cổ ở Lạch Trường, Hoằng Hóa, Thanh Hóa vào năm 1934 và chuyển về Bảo tàng Louis Finot (nay là Bảo tàng Lịch sử quốc gia). Tuy nhiên, một số nhà khoa học cho rằng bảo vật do ông Pajot - nhân viên thuế quan của Pháp - thu được khi khai quật các di tích ở Thanh Hóa từ 1925-1927.', 'https://baotanglichsu.vn/DataFiles/asset/upload/bao-vat-quoc-gia/1_5_1.jpg, https://baotanglichsu.vn/DataFiles/asset/upload/bao-vat-quoc-gia/2_5_1.jpg', 'Tượng đồng hai người cõng nhau thổi khèn, Tượng đồng hai người cõng nhau thổi khèn'),
(48, 'Nguồn gốc của cây đèn đồng hình người quỳ', 5, 'Năm 1935, nhà khảo cổ học Thụy Điển Olov Jane và Viện Viễn Đông Bác Cổ Pháp (EFEO) đã tìm thấy cây đèn này tại một khu mộ trong cuộc khai quật ở Lạch Trường Thanh Hóa. Hiện vật được xác định có iên đại khoảng 1.700-2.000 năm trước.<image>', 'https://imagevietnam.vnanet.vn/Upload/2017/1/24/24012017161410361-10-CD_resize.JPG', 'Cây đèn đồng hình người quỳ'),
(49, 'Kích thước', 5, 'Đèn cao 40cm, rộng 27cm, nặng 1,9 kg, mang hình tượng người đàn ông mình trần, đóng khố, hai tay nâng đĩa đèn trong tư thế quỳ. Trên đầu tượng được gắn vương miện, tóc để chỏm.\r\n<br>\r\nNgười cầm đèn này có bộ mặt rất đặc sắc, không có nét nào phảng phất tính chất Hán: mắt to không xếch, nổi mí rất rõ, khối lông mày nổi cao, sống mũi khá thanh, miệng ngậm, môi khá dày. Tượng Có râu dưới cằm và ở hai mép có nổi hại vết nhỏ tựa như ria.\r\n<image>', 'https://cdn.phongthuytamnguyen.com/pttn/uploads/images/lg_2021_07_24_z2634293759669_69ec130de0195cd06394598583dc74ca.jpg', 'Người cầm đèn này có gương mặt rất đặc sắc'),
(50, 'Hình dáng', 5, '<image>\r\nĐầu tượng có những hình xoắn chữ S đổi thành tuyến nổi, phía đỉnh có một bướu nhô cao hình gần tứ diện. Hai bên thái dương mỗi phía có một hình tròn nhú trên trán tượng có một mô típ đặc biệt hình chữ V. Phía dưới cổ có băng trang trí bằng hoa văn hình học. Trên mỗi cổ tay đều đeo một vòng tay. Chung quanh bụng có một thắt lưng, trang trí hình hoa 6 cá. Phía trước có hai dải từ thắt lưng rủ xuống hai bên. \r\n<br>\r\nChân đèn trong hình thức một người đang quỳ, hai tay bưng một cái khay, ở hai bắp tay và đằng sau lưng có 3 hình người nhỏ, mỗi người ôm một cần cong hình chữ S. Mỗi một cần hình chữ S này đỡ một địa đèn, tuy nhiên không rõ vì lí do nào đó mà các đĩa đèn được trưng bày cùng chân đèn.\r\n<br>\r\nTrên đùi, hai gót chân và các cần đỡ đèn có các tượng rất nhỏ đang quỳ, tư thế tay rất sinh động. Trên đèn có tất cả mười tượng nhỏ như vậy nhưng do các tượng này đã bị ăn mòn nhiều nên rất khó để nhận biết hoạt động đang diễn ra. Dưới đáy pho tượng có một cái lỗ, có lẽ xưa kia được sử dụng để gắn vào một vật cố định nhằm giữ cho giá đèn đứng vững.', 'https://cdn.phongthuytamnguyen.com/pttn/uploads/images/lg_2021_07_24_z2634293750682_5ea09783468db6834452624518aa2043.jpg', 'Hình dáng đèn đồng hình người quỳ '),
(51, 'Cây đèn lấy cảm hứng từ người hầu bê đèn', 5, 'Khi mới khai quật, đèn đã bị xâm hại ít nhiều, hai đĩa đèn và các mảnh vỡ của ba cái cần rơi vãi xung quanh tượng. Sau khi được làm sạch, các nhà khảo cổ học đã phục chế lại như hình dạng ngày nay.\r\n<br>\r\nCó nhiều cách lý giải khác nhau về tạo hình của hiện vật này. Theo nhà nghiên cứu O.Jane, bức tượng thể hiện hình ảnh một vị thần. Ý kiến khác cho rằng cây đèn thể hiện văn hóa Hán và người đàn ông quỳ là một tù binh Hung Nô bị bắt và trở thành người hầu bê đèn. Theo quan điểm này, cây đèn hình người quỳ là hiện vật của sự tiếp biến văn hóa Việt- Hán.\r\n<br>\r\nTượng cây đèn hình người quỳ là hiện vật độc đáo trong số ít những cây đèn cùng loại thuộc thời kỳ hậu Đông Sơn, phản ánh sự giao thoa giữa văn hóa Đông Sơn với các nền văn hóa khác. Cây đèn với hình khối tạo tác và hoa văn trang trí thể hiện tài năng nghệ thuật cũng như tư duy thẩm mỹ và khả năng tiếp nhận, thích ứng của người Việt có hàng ngàn năm trước.\r\n<br>\r\nĐây là cây đèn hình người lớn nhất trong số ít cây đèn cùng loại, thể hiện kỹ thuật đúc khéo léo và phản ánh thẩm mỹ cao của cư dân có ở Việt Nam cách đây 2 thiên niên kỷ.', NULL, NULL),
(52, 'Mở đầu', 6, 'Bảo vật quốc gia trống đồng Cảnh Thịnh luôn được giới nghiên cứu tìm hiểu hòng tìm ra những bí ẩn xung quanh các họa tiết.\r\n<image>\r\nKhông lâu đời như trống đồng Đông Sơn hay Ngọc Lũ, trống đồng Cảnh Thịnh là hiện vật khảo cổ gần sát thời đại ngày nay nhất. Sau chiến thắng Kỷ Dậu (1789) đại phá quân Thanh, vua Quang Trung đã tập trung phục hồi đất nước, ổn định xã hội.\r\n<br>\r\nKhi hoàng đế băng hà (1792), Quang Toản lên ngôi khi mới 10 tuổi. Trong thời gian trị vì, ông đã đặt 2 niên hiệu là Cảnh Thịnh và Bảo Hưng. Những dòng chữ Hán khắc trên trống cho biết thời gian đúc vào tháng 4 năm thứ 8 niên hiệu Cảnh Thịnh (1800).', 'https://danviet.mediacdn.vn/thumb_w/650/296231569849192448/2022/11/6/143-16677501482351408682120.jpg', 'Toàn cảnh bảo vật quốc gia trống đồng Cảnh Thịnh.'),
(53, 'Độc đáo kỹ thuật đúc khuôn sáp', 6, 'Với hình thức độc đáo và những giá trị đặc biệt về lịch sử, văn hóa, nghệ thuật, đặc biệt là thể hiện sự bảo tồn, phát triển truyền thống đúc và sử dụng trống đồng của người Việt qua hơn hai ngàn năm lịch sử, trống đồng Cảnh Thịnh đã được Thủ tướng Chính phủ công nhận là bảo vật quốc gia năm 2012.\r\n<br>\r\nĐến nay đã 222 năm trôi qua, nhưng những bí ẩn trên trống đồng Cảnh Thịnh khiến hậu thế phải tò mò. Từ hoa văn, họa tiết, mục đích đúc trống cho đến những lời minh văn trở thành tư liệu vô cùng quý báu, không chỉ với giới khảo cổ, mà còn đối với lịch sử dân tộc.\r\n<image>\r\nTheo tư liệu của chuyên gia Nguyễn Quốc Hữu - Phó Trưởng phòng trưng bày thuộc Bảo tàng Lịch sử quốc gia, tuy chỉ tồn tại trong một thời gian ngắn nhưng giai đoạn nhà Tây Sơn đã để lại cho hậu thế những di sản văn hóa đặc sắc. Cùng với đó là những kiệt tác nghệ thuật độc đáo mang dấu ấn thời đại rất rõ nét.\r\n<br>\r\nVới kiểu dáng khác lạ so với trống đồng truyền thống cùng những trang trí nổi các con vật trong bộ Tứ linh, trống Cảnh Thịnh trở nên độc đáo. Qua đó phản ánh sự sáng tạo trong nghệ thuật trang trí, kỹ thuật đúc trống cũng như nghề đúc đồng cổ truyền của dân tộc. Trống góp phần làm phong phú thêm bộ sưu tập trống đồng cổ và là nguồn sử liệu có giá trị về lịch sử đương thời.\r\n<br>\r\nTheo hồ sơ di sản, trống đồng Cảnh Thịnh được đúc theo kỹ thuật khuôn sáp, nặng 32kg, cao 37,4cm, đường kính khoảng 49cm. Mặt trống cong vồng hình chỏm cầu, tâm mặt trống đúc nổi hình vòng tròn kép. Thân trống hình trụ, phình nhẹ ở giữa và được chia thành ba phần tương đối đều nhau, ngăn cách bằng hai đường gờ nổi hình sống trâu - tương ứng với mỗi phần là một băng hoa văn trang trí.\r\n<br>\r\nNgoài các đồ án phụ trang trí đường diềm như băng hoa chanh, nhũ đinh, hồi văn chữ T và văn như ý, đề tài trang trí chủ đạo trên trống xuất hiện ở hai băng: Băng trên cùng đúc nổi đề tài Tứ linh (long, lân, quy, phượng) mang ý nghĩa biểu trưng cho đất nước thái bình thịnh trị, xã hội an lạc, mưa thuận gió hòa, mùa màng tốt tươi, con người được no đủ, sống lâu…\r\n<br>\r\nBăng dưới cùng trang trí hình Long Mã cõng Hà đồ, Thần Quy chở Lạc thư. Hà đồ (Tiên thiên bát quái đồ) và Lạc thư (Hậu thiên bát quái đồ) là hai biểu tượng khởi nguyên của Kinh Dịch – tư tưởng triết học của người Á Đông về quy luật của sự biến đổi. Nó được vận dụng vào rất nhiều lĩnh vực của cuộc sống như vũ trụ, thiên văn, địa lý, phong thủy, nhân mệnh, quản lý xã hội…', 'https://danviet.mediacdn.vn/296231569849192448/2022/11/6/144-16677501482741218935763.jpg', 'Đồ án lá hóa Rồng.'),
(54, 'Báu vật trống khác biệt', 6, '<image>\r\nTheo các chuyên gia thuộc Bảo tàng Lịch sử quốc gia, ở băng hoa văn có hình Thao Thiết. Đồ án Thao Thiết xuất hiện trong nghệ thuật cổ Việt Nam từ những thế kỷ đầu Công nguyên.\r\n<br>\r\nTheo truyền thuyết, Thao Thiết là một con vật ham ăn vô độ, thậm chí có thể ăn cả cơ thể mình. Ban đầu, hình trang trí này nhằm ý nhắc nhở việc ứng xử trong ăn uống, về sau trở thành biểu tượng của sức mạnh quyền uy hoặc sự no đủ, bền vững.\r\n<br>\r\nTrống đồng Cảnh Thịnh là hiện vật độc bản trong phức hợp trống đồng Việt Nam. Nếu trống đồng Đông Sơn (loại I - Hêgơ, xuất hiện trong khoảng thế kỷ 7 trước Công nguyên đến thế kỷ 3 sau Công nguyên) và trống Mường (loại II - Hêgơ, niên đại kéo dài từ đầu Công nguyên tới thế kỷ 15 - 17) có thân phình thắt tạo thành 3 phần tang, lưng và chân tách biệt rõ ràng, thì trống đồng Cảnh Thịnh được tạo dáng theo kiểu trống da truyền thống.\r\n<br>\r\nCách tạo dáng này khiến cho thân trống chỉ gồm tang trống. Nói cách khác thân trống chính là tang trống. Thân trống nở nhẹ ở giữa, trông hệt một chiếc trống da thường thấy. Mặt trống cũng không có hình Mặt trời như trống đồng truyền thống. Thay vào đó, chính giữa mặt trống cong vồng lên là hai vòng tròn nổi.\r\n<br>\r\nBên cạnh sự độc đáo trong tạo dáng thì nghệ thuật và đề tài trang trí trống cũng thể hiện đặc trưng nghệ thuật mang tính thời đại rất rõ nét. Đó là sự cân đối trong bố cục, sự khỏe khoắn trong đường nét, mảng khối. Đặc biệt, giới khảo cổ cũng phát hiện đề tài Tứ linh và Long Mã, Thần Quy.\r\n<image>\r\nNếu với tư cách là từng linh vật riêng lẻ thì chúng đã xuất hiện từ rất sớm trong nghệ thuật cổ Việt Nam. Tuy nhiên, trống đồng Cảnh Thịnh lại xếp thành bộ Tứ linh và thành cặp Long Mã - Thần Quy mang theo biểu tượng Hà đồ - Lạc thư trên cùng một hiện vật. Điều này chứng minh đây là sự khởi đầu, mở ra giai đoạn phát triển mạnh ngay sau đó trong nghệ thuật thời Nguyễn.\r\n<br>\r\nĐáng chú ý trong cách thể hiện các đề tài này là nghệ thuật cách điệu hóa qua đồ án các linh vật - như hình lá hóa Rồng, lá hóa Thao Thiết. Cách điệu là khả năng sáng tạo, điều chế, nâng cao trên cơ sở hiện thực. Việc lấy hoa lá cỏ cây để cách điệu thành các linh vật như trên trống Cảnh Thịnh có thể coi là sự xuất hiện đầu tiên trong nghệ thuật cổ Việt Nam.\r\n<br>\r\nBên cạnh sự độc đáo và những dấu ấn đặc trưng riêng, giới khảo cổ nhận ra những yếu tố mang tính kế thừa, thể hiện bước phát triển liên tục trong nghệ thuật cổ truyền. Có thể dễ dàng nhận ra các băng hoa văn nhũ đinh, hoa chanh, hồi văn chữ T, như ý… là những mô típ phổ biến trong nghệ thuật Lý - Trần - Lê sơ (thế kỷ 11 - 15).\r\n<br>\r\nHình phượng bay ngang, đầu hướng về phía trước, hai cánh dang rộng gợi sự liên tưởng tới hình chim Lạc trên trống đồng Đông Sơn. Hình vòng tròn kép trên mặt trống là cách thể hiện biến điệu, ước lệ hình Mặt trời nhiều tia trên trống đồng truyền thống trước đó thành hình quầng Mặt trời.\r\n<br>\r\nNgay cả thân trống với việc chia thành 3 phần ngăn cách bằng các đường gờ nổi cũng loáng thoáng gợi ra hình ảnh về 3 phần của thân trống đồng Đông Sơn. Diễn biến này đã được thể hiện trước đó trên trống Mường. Lưng và chân trống Mường được tạo bởi một đường choãi đều liền mạch, nên sự phân tách đã không còn rõ ràng như trống đồng Đông Sơn trước đó - mà chỉ được thể hiện bằng một đường gờ nổi.', 'https://danviet.mediacdn.vn/296231569849192448/2022/11/6/145-1667750148284338659684.jpg, https://danviet.mediacdn.vn/thumb_w/650/296231569849192448/2022/11/6/146-1667750148292737732339.jpg', 'Bài minh dài 222 chữ dẫn thuyết lý do, mục đích đúc trống'),
(55, 'Nguồn gốc của Tượng Phật Đồng Dương', 7, 'Vào năm 1902, một nhóm nhà khoa học người Pháp đã tìm thấy Đồng Dương (Quảng Nam) một pho tượng Phật bằng đồng cao 95cm. Nghệ thuật điêu khắc của pho tượng thuộc trường phái Tích Lan, miền Nam Ấn Độ xưa. Các nhà khoa học Pháp đã xác định được niên đại của pho tượng khoảng thế kỷ thứ VII và đây chính là pho tượng Phật bằng đồng cổ nhất Việt Nam.\r\n<br>\r\nNgay sau khi phát hiện, bảo tượng này được đưa về lưu giữ và trưng bày tại Bảo tàng Hà Nội. Năm 1954, tượng Đồng Dương theo chân những người di cư vào Nam, được lưu giữ tại Bảo tàng Sài Gòn. Ngày nay pho tượng Phật Đồng Dương chính là bảo vật quốc gia quan trọng số một của Bảo tàng Lịch sử thành phố Hồ Chí Minh.\r\n<image>', 'https://cdn.phongthuytamnguyen.com/pttn/uploads/images/lg_2021_07_28_91961eb00db7fae9a3a6.jpg', 'Tượng Phật Đồng Dương trưng bày tai bảo tàng Sài Gòn'),
(56, 'Hình dáng, kích thước của Tượng Phật Đồng Dương', 7, 'Tượng Phật Đồng Dương có trọng lượng 120kg là tác phẩm mỹ thuật tiêu biểu cho kỹ thuật đúc đồng tinh xảo kết hợp với nghệ thuật tạo hình do nền văn hóa Chăm Pa để lại. Tượng cao 119cm, chỗ rộng nhất 38cm, chỗ dày nhất 38cm, đứng trên một bộ tròn hai tầng có tạc hình các cánh sen bao quanh.\r\n<image>\r\nPhần trên của bệ là khối bán cầu ở thế ngửa lên, phần dưới bệ lớn hơn, cũng hình tròn như miệng chuồng úp xuống. Bệ và toàn thân tương đồng được đóng chặt vào nhau bởi những chiếc mộng đặt dưới lòng đôi bàn chân bằng phẳng.\r\n<br>\r\nĐôi bàn chân của tượng chấm sát đất và khít khao với mặt phẳng của đất đến nỗi “cây kim cũng không thể lọt qua”. Từ chân tượng trở lên, thể hiện diệu tướng của Phật với hai tay, hai chân, hai mắt và giữa cổ (có khắc 3 ngấn chìm) gộp lại thành “7 chỗ đầy đặn”. Vai bên phải để trần thể hiện tướng tròn và đẹp.\r\n<br>\r\nGương mặt tượng với hai má phẳng và rộng như sư tử chúa. Mắt Phật đang mở nhìn ra thế giới. Giữa trán tượng có khắc một vòng tròn thể hiện “bạch hào”. Đầu tượng có nhục kháo nổi lên giữa búi tóc cuốn quanh.', 'https://image.giacngo.vn/w645/UserImages/2015/06/29/11/dong%20duong%20(2).jpg', 'Tượng Phật Đồng Dương'),
(57, 'Gía trị lịch sử của pho tượng', 7, '<image>\r\nCác nhà khoa học cũng khẳng định tượng Đồng Dương có niên đại sớm hơn nhóm tháp Chàm Đồng Dương tới 2 thế kỷ. Do vậy có thể những bức tượng này đã được người xưa đưa từ nơi khác đến đây.\r\n<br>\r\nTheo Giáo sư Ph. Stern (người Pháp) trong cuốn sách Nghệ thuật Chăm đã nhận định: Tượng Bồ-tát Quan Âm Đồng Dương thể hiện phong cách độc đáo nhất của nghệ thuật Chăm: gương mặt tượng nghiêm trang tẹt, đôi môi có viền, các cung mày gồ lên và lượn sóng...\r\n<br>\r\nNăm 2005, Bảo tàng Guimet ở thủ đô Paris nước Pháp đã tổ chức triển lãm cổ vật châu Á, một trong những đề tài cuốn hút là: “Điêu khắc Chăm-pa thế kỷ VI - XVI”, trưng bày những di vật cổ thuộc nền văn hóa Chăm được đưa đến từ Việt Nam. Vì Bồ-tát Đồng Dương là pho tượng vô cùng quý hiếm ở Đông Nam Á nên đã được Bảo tàng Guimet mua bảo hiểm với giá 5 triệu USD. Đây là mức giá bảo hiểm kỷ lục đối với hiện vật của Việt Nam được đưa ra nước ngoài triển lãm từ trước tới nay, khẳng định giá trị của pho tượng đối với văn hóa lịch sử nước nhà.', 'https://cdn.phongthuytamnguyen.com/pttn/uploads/images/lg_2021_07_28_66ff0bd918deef80b6cf.jpg', 'Tượng Phật Đồng Dương thể hiện nét nghệ thuật Chăm độc đáo'),
(58, 'Nguồn gốc của tượng nữ thần Devi', 8, 'Tượng Nữ thần Devi được tìm thấy ở Hương Quế. Năm 1901, Louis Finot đã phát hiện một pho tượng quý, đó là tượng nữ thần Devi. Tượng được chế tác bằng sa thạch, cao 38,5cm, rộng 21,6cm, dày 11,8cm và nặng 20kg có niên đại khoảng thế kỷ IX - X.<image>', 'https://cdn.phongthuytamnguyen.com/pttn/uploads/images/lg_2021_07_28_284028673b60cc3e9571.jpg', 'Tượng nữ thần Devi'),
(59, 'Quá trình di chuyển pho tượng Nữ thần Devi', 8, '<image>\r\nSau khi phát hiện pho tượng đã gây sự chú ý đặc biệt cho giới nghiên cứu người Pháp nên sau đó, Parmentier đã đưa về lưu trong kho của Viện Viễn Đông Bác cổ ở Hà Nội, đến năm 1932 được trưng bày ở bảo tàng Louis Finot ở Hà Nội (Tiền thân của Bảo tàng Lịch sử Việt Nam).\r\n<br>\r\nNăm 1954, người Pháp đã cho chuyển vào Bảo tàng Blanchard de la Brosse ở Sài Gòn (tiền thân của Bảo tàng Lịch sử Việt Nam tại TP. Họ Chí Minh). Bức tượng nữ thần Devị của Hương Quế hiện được trưng bày tại Bảo tàng Lịch sử Việt Nam – thành phố Hồ Chí Minh.', 'https://cdn.phongthuytamnguyen.com/pttn/uploads/images/lg_2021_07_28_3ca73e802d87dad98396.jpg', 'Quá trình di chuyển pho tượng Nữ thần Devi'),
(60, 'Hình dáng', 8, 'Đây là tượng bán thân với lông mày dài và công nối liền từ mặt phải qua mắt trái chứ không bị ngắt đoạn ở khoảng giữa, làm cho vầng trán của nữ thần trở nên sinh động. Mi mắt nữ thần khá dài, sống mũi thẳng, miệng đang cười, tai đeo trang sức.\r\n<br>\r\nTheo tài liệu của các nhà nghiên cứu thì đây là chân dung hiếm thấy của một nữ thần Ấn Độ được “Chămpa hóa” với “mái tóc vén lên thành nếp gấp lớn cuộn bồng viền theo trán, phần đỉnh đầu với các lọn tóc thắt bím được bới cao và kết dính bằng các bím tóc đặt theo chiều ngang và chia đôi cân đối.\r\n<image>\r\nPhía trước có đính một vầng trăng lưỡi liềm và hai bên tết tóc như hình bậc thang, phía sau tóc bím từng dãy dài ôm vào gáy. Cổ thon cao, ngực để trần căng sức sống nhưng vẫn giữ được vẻ thánh thiện”', 'http://redsvn.net/wp-content/uploads/2020/10/Tuong-nu-than-Devi-06.jpg', 'Vẻ đẹp của tượng nữ thần Devi'),
(61, 'Vẻ đẹp của Vệ nữ phương Đông', 8, 'Nữ thần Devi có tên là Haradevi, là vợ của vua Indravarman II. Do bà có nhiều công đức, nên khi qua đời bà được vua Jaya Sinhavarman (893 - 904) cho tạc tượng để thờ cúng như các vị thần khác.\r\n<br>\r\nĐiều này được ghi lại trong văn bia thứ 2 ở Đông Dương mà Louis Finot đã tìm thấy. Tượng nữ thần Devi ở Hương Quế được các nhà nghiên cứu đánh giá là tác phẩm điêu khắc đẹp nhất trong nghệ thuật tạc tượng các nữ thần của nghệ sĩ tạo hình Chămpa thế kỷ thứ X.\r\n<br>\r\nVới đường nét mỹ thuật riêng biệt và khác với các tác phẩm điêu khắc thời kỳ Đồng Dương, tượng nữ thần Devi đã cuốn hút nhiều nhà nghiên cứu bởi gương mặt quý phái đầy huyền bí, nhưng lại hết sức gần gũi và thường được nhắc đến với cụm từ “đẹp như Chiêm nữ”, hoặc “thần Vệ nữ của phương Đông.\r\n<image>\r\n<image>\r\n<image>', 'http://redsvn.net/wp-content/uploads/2020/10/Tuong-nu-than-Devi-03.jpg,http://redsvn.net/wp-content/uploads/2020/10/Tuong-nu-than-Devi-04.jpg,http://redsvn.net/wp-content/uploads/2020/10/Tuong-nu-than-Devi-05.jpg', 'Vẻ đẹp của vị nữ thần được thể hiện qua khuôn mặt hài hòa, chân mày cong nối liền nhau, đôi mắt to, mi mắt dài, sống mũi thẳng, miệng hơi mỉm cười, Tóc nữ thần được tết rất cầu kỳ và búi cao dạng tháp,, Phần cổ nữ thần thon thả, vai tròn lẳn, khuôn ngực đầy đặn nữ tính và đầy vẻ thánh thiện');
INSERT INTO `heritage_paragraphs` (`id`, `title`, `heritage_id`, `description`, `image_url`, `image_description`) VALUES
(62, 'Mở đầu', 9, 'Tại Bảo tàng Điêu khắc Chăm Đà Nẵng (TP Đà Nẵng), bức tượng Bồ tát Tara bằng đồng nổi bật, thu hút người xem bởi những nét chạm trổ tinh tế. Bức tượng được một người nông dân tình cờ phát hiện vào năm 1978, tại làng Đồng Dương, xã Bình Định Bắc, huyện Thăng Bình, tỉnh Quảng Nam. <image>', 'https://cdn.phongthuytamnguyen.com/pttn/uploads/images/lg_2021_07_29_9ec9e49eb78340dd1992.jpg', 'https://cdn.phongthuytamnguyen.com/pttn/uploads/images/lg_2021_07_29_9ec9e49eb78340dd1992.jpg'),
(63, 'Báu vật của nền Phật giáo Chăm- pa cổ đại', 9, 'Nơi phát hiện ra bức tượng Bồ tát Tara quý giá thuộc khu phế tích của Phật viện Đồng Dương, từng là một kỳ quan kiến trúc Phật giáo lớn của Chăm Pa. Phế tích này được chuyên gia khảo cổ học Mỹ thuật người Pháp là Parmentier khai quật từ đầu thế kỷ XX và nhận ra đây là một Phật viện lớn được xây dựng vào khoảng thế kỷ IX với một phong cách nghệ thuật rất độc đáo. Ông đã đặt tên phong cách đó là Đồng Dương. \r\n<br>\r\nNăm 1978, trong lúc đào đất làm gạch, người dân khu vực di tích Đồng Dương đã phát hiện ra bức tượng bị chon sâu chừng 1,5m dưới lòng đất. Lúc được tìm thấy, bức tượng trong thế nằm ngửa, đầu quay về hướng Tây, chân quay về hướng Đông. Phía trên bức tượng phủ nhiều đất cùng các lớp gạch vụn. Xung quanh bức tượng có một lớp gạch hình tròn với đường kính khoảng 1,50m.\r\n<br>\r\nBức tượng được đưa về Bảo tàng Điêu khắc Chăm Pa ở Đà Nẵng vào năm 1981. Thoạt đầu tượng còn mang lớp áo patin màu xanh gỉ đồng như ngọc, hiện đã được tảy rửa làm lộ ra lớp da đồng màu nâu ánh kim chắc nịch. Cả ba phần chính của bức tượng: đầu - mặt - cổ / thân - vai - ngực / hông - thắt lưng – chân, đều được thể hiên bằng những thủ pháp nghệ thuật điêu khắc riêng biệt nhưng rất điêu luyện.\r\n<image>\r\nTượng Bồ tát Tara được khắc họa trong tư thế đứng thẳng vừa trang nghiêm vừa mỹ miều, thân hình cân đối với bộ ngực căng đầy để trần. Vị Bồ tát Tara mặc một loại sà-rông hai lớp kéo dài từ eo xuống phía dưới với những đường xếp sắc sảo, mềm mại. Trên đầu Bồ tát Tara đội một chiếc mũ Jatamukuta cổ điển bọc lấy bộ tóc quấn cao ở bên trong. Phía trước mũ có hình vị Phật A-di-đà.\r\nKhuôn mặt có hàm vuông của Bồ tát Tara ánh lên vẻ trang nghiêm, trí tuệ nhưng không kém phần dịu dàng, thuần khiết, bao dung. Phía trước trán tượng khắc một hình thoi lõm sâu, được gọi là Huệ nhãn. Hai hàng lông mày được khắc sâu nối liền nhau qua gốc mũi. Bức tượng được khắc với sống mũi cao, thẳng, nhọn ở đầu mũi cùng khuôn miệng rộng và cặp dày, toát lên nét nhân chủng Chăm. Đồng thời, chứa đựng những nét đặc trưng của phong cách nghệ thuật Đồng Dương thời bấy giờ.\r\n<br>\r\nĐôi bàn chân trần của bức tượng mang hình dáng của “bàn chân Siva” truyền thống. Các ngón chân thon dài và phần móng được cắt gọt gọn gàng, đơn sơ, chân thực và toát lên phong cách tạo tượng phóng khoáng, hiện đại.\r\n<br>\r\nNhiều nhà nghiên cứu đã cùng nhận định rằng, tượng Bồ tát Tara được xem là tác phẩm bằng đồng lớn nhất của nghệ thuật điêu khắc Chăm đến thời điểm hiện tại với chiều cao 1148m.\r\n<image>\r\nTới thời điểm hiện tại, bức tượng thu hút khách tham quan không chỉ vẻ đẹp của những đường nét chạm trổ tinh tế mà còn bởi những 2 hiện vật bị mất ở đôi tay của bức tượng. Theo các chuyên gia, vật thứ nhất là một bông sen nở gồm 5 cánh đều đặn ôm gọn sát một bát sen tròn bên trong. Bông sen này tượng trưng cho sự tinh khiết, trí tuệ, tình yêu thương, sự sinh sôi nảy nở. Vật thứ hai là con ốc biển có chiều cao 7,2cm tượng trưng cho sự chủ trì mọi âm thanh, là vũ khí để thanh lọc, tập hợp, ban phát niềm hy vọng cho mọi loài vật trên thế gian.', 'https://photo-cms-baophapluat.epicdn.me/w840/Uploaded/2023/ycgvptcc/2021_01_04/a1_dezc.jpg, https://photo-cms-baophapluat.epicdn.me/w840/Uploaded/2023/ycgvptcc/2021_01_04/a2_qhzf.jpg', 'Tượng bồ tát Tara trưng bày tại Điêu khắc Chăm tại Đà Nẵng,Cận cảnh khuôn mặt Mẹ Tara '),
(64, 'Truyền thuyết về những nữ thần Tara', 9, 'Theo truyền thuyết gắn liền với Phật giáo Tây Tạng, ngàn năm trước, trong rừng sâu ở Ấn Độ có những nữ tu, tu luyện theo phương pháp bí truyền. Họ được gọi là yogini. Mạnh mẽ, độc lập và nghiêm khắc, những yogini đã đạt được trạng thái tâm không mong cầu.\r\n<br>\r\nNgười Tây Tạng gọi họ là những nữ thần Tara. Tara còn có nghĩa là “ngôi sao”, là ngôi Sao Bắc Đẩu, là ánh sáng soi đường cho những người bị lạc đường, là hiện thân của năng lượng ánh sáng. Thần Tara là người mẹ giàu lòng thương yêu và cũng là người bảo vệ mạnh mẽ, kiên cường, chinh phục những khó khăn. Ánh mắt của thần sáng như ánh chớp, thần giậm chân khiến đất phải rung chuyển, quỷ thần cũng phải kinh sợ.\r\n<br>\r\nTheo một truyền thuyết khác, trong vô số kiếp tại một cảnh giới khác có công chúa tên Yeshe Drawa, nhờ sở học và trí tuệ thông minh, công chúa có niềm tin kiên cố nơi Ba ngôi Tam Bảo, và nhờ sự quán chiếu về tính chất bất như ý của cuộc sống luân hồi nên công chúa phát nguyện giải thoát khỏi tất cả mọi đau khổ. \r\n<image>\r\nDo thấu hiểu rằng tất cả chúng sinh đều giống như mình, mong muốn hạnh phúc và không muốn đau khổ nên Công chúa đã trưởng dưỡng lòng từ bi hướng về tất cả các loài hữu tình. \r\nNàng không thích lối sống xa hoa nơi cung vàng điện ngọc và phát nguyện dẫn dắt hàng chục ngàn chúng sinh trên bước đường giải thoát vào trước mỗi bữa ăn sáng thậm chí còn nhiều hơn nữa trước khi đi ngủ. Vì nhân duyên này Nàng được xưng tụng là Arya (bậc tôn quý) Nàng có thể chứng ngộ trực tiếp bản chất của thực tại và danh xưng này biểu lộ các hạnh nguyện giải thoát của Nàng.\r\n<br>\r\nCác vị Trưởng lão tâm linh đã khuyên Nàng nên tu tập phát nguyện để tái sinh trong thân hình nam giới và đạt tới giác ngộ. Tuy vậy Nàng đã phát nguyện thành tựu giác ngộ trong hình tướng Nữ và liên tục hóa thân trở lại trong hình tướng nữ để giải thoát chúng sinh.\r\n<br>\r\nTrong tín ngưỡng Phật giáo Tây Tạng, thần Tara thực sự là một vị thần trẻ đẹp, có khả năng hóa thân. Thần có thể hiện ra trong màu xanh, màu trắng, đỏ, hay màu của vàng. Mỗi màu đều có ý nghĩa riêng của nó. Phía sau đầu của thần Tara là ánh sáng của trăng tròn, là biểu tượng của áng sáng soi sáng trái đất. Ánh sáng đem lại sự mát lành, xóa tan đau khổ của vòng luân hồi.\r\n<br>\r\nThần thường được thể hiện dưới hình tượng ngồi trên một tòa sen nở và một chiếc đĩa tròn hoặc đứng. Vòng quanh thần là một vòng lửa màu vàng, mà lời kinh cầu nguyện số 21 nói rằng: “như lửa cháy ở cuối thời đại này”.\r\n<br>\r\nTrên mỗi bàn tay, thần Tara nhẹ nhàng cầm một cành hoa dài màu xanh trắng, hoa Utpala, một loại hoa có mùi hương thơm ngọt giống như hoa sen, loại hoa mọc trên bùn mà chẳng hôi tanh mùi bùn. Hoa Utpala là sự trong sạch tự nhiên, mà theo Gehlek Rinpoche nói “để có thể là người trong sạch, hãy hành động một cách trong sạch”.\r\n<br>\r\nBa ngón tay của tay trái thần Tara chỉ lên để biểu hiện ba thứ quý giá, đó là: Đức Phật, Phật Pháp và Giác Ngộ, hay sự tự giải phóng (tự tại). Tay phải duỗi ra, ngửa bàn tay về phía trước với một cử chỉ mời gọi. Genlek Rinpoche nói “thần Tara nói với những người bị mất hi vọng và không có ai giúp đỡ, rằng: \'hãy lại đây, ta đang ở đây”. \r\n<br>\r\nThần có những sợi lụa mềm được trang điểm bằng những hạt châu báu, dái tai dài và thanh nhã. Trên thực tế, các Đức Phật thì không đeo châu báu, nhưng nữ thần Tara lại mang châu báu. Những châu báu này sáng lấp lánh như sự cảnh báo về những đau khổ trên trần thế.\r\n<br>\r\nBồ tát Tara là vị Phật mà đại đa số phật tử theo truyền thống Kim Cương thừa - Đại thừa luôn gửi gắm mọi sự cầu nguyện, bởi tin tưởng vào sự bao dung và che chở của Người. Người ta có thể cầu nguyện tới Ngài bằng cách tán tụng bài 21 lục Độ Mẫu hoặc trì chân ngôn của Ngài.', 'https://photo-cms-baophapluat.epicdn.me/w840/Uploaded/2023/ycgvptcc/2021_01_04/a2_ojuy.png', 'Hai hiện vật được xem là gắn liền với tượng Bồ Tát Tara'),
(65, 'Mở đầu', 10, 'Hơn 150 tài liệu, hiện vật, hình ảnh được trưng bày lần này sẽ giới thiệu tới công chúng những giá trị, ý nghĩa lớn lao của tác phẩm “Đường Kách mệnh” của lãnh tụ Nguyễn Ái Quốc cũng như những đóng góp quan trọng của lớp thanh niên cách mạng vô sản đầu tiên ở Việt Nam do Người trực tiếp dìu dắt, đào tạo.<image>', 'https://file.qdnd.vn/data/images/0/2021/06/02/nguyenthao/duongkachmenh.jpg?dpi=150&quality=100&w=575', 'Đường Kách mệnh'),
(66, 'Mô tả chi tiết', 10, '“Đường Kách mệnh” là tập hợp các bài giảng của lãnh tụ Nguyễn Ái Quốc tại các lớp đào tạo cán bộ của Hội Việt Nam Cách mạng Thanh niên, tổ chức tại Quảng Châu (Trung Quốc) trong thời gian từ năm 1925-1927.\r\n<br>\r\nTheo ông Nguyễn Văn Đoàn - Phó Giám đốc Bảo tàng Lịch sử Quốc gia, tác phẩm cho thấy sự vận dụng sáng tạo lý luận của chủ nghĩa Marx-Lenin về đấu tranh giải phóng dân tộc gắn với cách mạng vô sản của lãnh tụ Nguyễn Ái Quốc, là nền tảng cho việc tìm hướng đi mới cho sự nghiệp giải phóng dân tộc Việt Nam. Đây được coi là văn kiện lý luận chính trị đầu tiên của Đảng, đặt cơ sở tư tưởng cho đường lối của cách mạng Việt Nam.\r\n<image>\r\n“Đường Kách mệnh” xuất bản năm 1927 ở Quảng Châu dưới dạng in thạch. Những bản in đầu tiên được bí mật chuyển về nước. Cuốn “Đường Kách mệnh” đang lưu giữ tại Bảo tàng Lịch sử Quốc gia hiện nay là một trong số ít những bản gốc in năm 1927, đã được công nhận là Bảo vật Quốc gia (theo Quyết định số 1426/QĐ-TTg, ngày 1/10/2012 của Thủ tướng Chính phủ).\r\n<br>\r\nCuốn sách gồm 100 trang in thạch trên giấy nến, kích thước 22cm x 15cm.', 'https://hanoimoi.com.vn/Uploads/tuandiep/2017/4/9/1(4).jpg', 'Đường Kách mệnh'),
(67, 'Từ tập bài giảng \"Đường Kách mệnh\"...', 10, '“Đường Kách mệnh” được viết một cách mộc mạc, đơn giản, ngắn gọn nhưng nội dung phong phú, hàm chứa những tư tưởng lớn mang tính quốc gia và quốc tế vĩ đại về chủ nghĩa xã hội (CNXH) của Hồ Chí Minh. \"Đường Kách mệnh\" đề cập nhiều nội dung, trong đó Nguyễn Ái Quốc nêu rõ chuẩn mực đạo đức của những chiến sĩ cách mạng; giới thiệu tính chất, nội dung các cuộc cách mạng điển hình trên thế giới. Thông qua những nội dung này, Người chỉ rõ tư tưởng cách mạng triệt để: Muốn sống thì phải làm cách mạng và muốn làm cách mạng thành công phải có đảng lãnh đạo, có Chủ nghĩa Mác-Lênin làm nòng cốt, phải có phương pháp cách mạng v.v.., phải gắn cách mạng Việt Nam là một bộ phận khăng khít của phong trào cách mạng thế giới. Từ \"Đường Kách mệnh\", Người khẳng định: Cách mạng giải phóng dân tộc là sự nghiệp của toàn dân chứ không phải của một vài cá nhân. Vì vậy, đoàn kết trong đảng, đoàn kết toàn dân tộc là một trong những nhân tố quan trọng bảo đảm thắng lợi cho cách mạng Việt Nam... \r\n<br>\r\n“Đường Kách mệnh” xác định rõ mục tiêu độc lập dân tộc và CNXH, khẳng định con đường cách mạng Việt Nam phải trải qua hai giai đoạn, đó là dân tộc cách mệnh (quốc gia) và cách mạng xã hội chủ nghĩa (quốc tế). “Đường Kách mệnh” trình bày một cách khái quát những quan điểm cốt lõi của Chủ nghĩa Mác-Lênin về con đường cách mạng Việt Nam, con đường: Độc lập dân tộc gắn liền với CNXH, nhưng trước hết phải tập trung vào nhiệm vụ “dân tộc cách mệnh”(1), giành lấy quyền tự do bình đẳng của dân nước mình, để chuẩn bị những tiền đề cho cuộc cách mạng thứ hai (thế giới cách mệnh) về chính trị, tổ chức, kinh tế, văn hóa. Đối tượng của “dân tộc cách mệnh” là đánh đổ chính quyền thuộc địa Pháp. Chủ thể là toàn dân tộc, lấy quần chúng công nông làm nền tảng.  \r\n<image>\r\n“Đường Kách mệnh” nhấn mạnh vai trò quan trọng hàng đầu của Đảng-nhân tố quyết định mọi thắng lợi của cách mạng Việt Nam và việc lựa chọn mô hình nhà nước trong tương lai. Cùng với những định hướng cụ thể về mục đích, đối tượng, nhiệm vụ, lực lượng và tổ chức tiền phong lãnh đạo cách mạng giải phóng dân tộc, “Đường Kách mệnh” cũng đồng thời nêu lên mô hình nhà nước trong tương lai khi cách mạng thành công. Theo Hồ Chí Minh: Muốn dân tộc được độc lập, muốn nhân dân lao động khỏi thân phận người nô lệ thì phải làm cách mạng một cách triệt để, không thể đi theo con đường cách mạng tư sản, không thể thiết lập mô hình nhà nước cộng hòa tư sản, nơi chính quyền chủ yếu thuộc về giai cấp hữu sản, Người đã viết: “Chúng ta đã hy sinh làm cách mệnh rồi thì quyền giao cho dân chúng số nhiều, chớ để trong tay một bọn ít người. Thế mới khỏi hy sinh nhiều lần, thế dân chúng mới được hạnh phúc”', 'https://i1-vnexpress.vnecdn.net/2017/10/10/tac-pham-1-2998-1507620062.jpg?w=680&h=0&q=100&dpr=1&fit=crop&s=3Ll08S5cGyJmZycIILsSvA', 'Cuốn \"Đường Kách mệnh\"-Bảo vật quốc gia được trưng bày tại Bảo tàng Lịch sử quốc gia Việt Nam'),
(68, 'Đến hiện thực hóa mô hình xã hội mới...', 10, 'Ở thập niên 1950 đến 1989, khi thế giới đang chia làm hai phe, phe xã hội chủ nghĩa (XHCN) do Liên Xô đứng đầu đang phát triển lớn mạnh, vấn đề đi lên CNXH ở Việt Nam như một lẽ đương nhiên. Hồi đó, các nhà lý luận không cần phải chứng minh nhiều về những giá trị của CNXH. Bản thân lãnh tụ Hồ Chí Minh cũng chưa có thời gian bàn nhiều về CNXH. Người chỉ có một số bài viết về CNXH như khẳng định tính tất yếu của thời kỳ quá độ, bỏ qua giai đoạn phát triển tư bản để đi tới CNXH, cổ động cho phong trào hợp tác xã, bàn về tiến vững chắc đi lên CNXH...\r\n<br>\r\nNgười định nghĩa CNXH, mà cũng chính là nêu mục tiêu của CNXH rất giản dị, dễ hiểu: \"Mục đích của CNXH là gì? Nói một cách đơn giản và dễ hiểu là: Không ngừng nâng cao đời sống vật chất và tinh thần của nhân dân, trước hết là nhân dân lao động\"(3). Hay \"mục đích của CNXH là không ngừng nâng cao mức sống của nhân dân\"(4). Hoặc Người diễn giải mục đích tổng quát này thành các tiêu chí cụ thể: \"CNXH là làm sao cho nhân dân đủ ăn, đủ mặc, ngày càng sung sướng, ai nấy được đi học, ốm đau có thuốc, già không lao động được thì nghỉ, những phong tục tập quán không tốt dần được xóa bỏ... Tóm lại, xã hội ngày càng tiến bộ, vật chất ngày càng tăng, tinh thần ngày càng tốt, đó là CNXH\"(5), “CNXH là nhằm nâng cao đời sống vật chất và văn hóa của nhân dân, và do nhân dân tự xây dựng lấy. Muốn đạt mục đích đó, thì nhân dân ta phải ra sức thi đua tăng gia sản xuất và thực hành tiết kiệm; mỗi người phải cố gắng trở thành lao động tiên tiến, chiến sĩ thi đua, anh hùng lao động, mỗi người phải nâng cao tinh thần làm chủ nước nhà”; CNXH là “ai cũng được làm việc, được ăn no mặc ấm, được học hành, người già yếu thì được giúp đỡ, các cháu bé thì được săn sóc”; “CNXH là mọi người cùng ra sức lao động sản xuất để được ăn no, mặc ấm, và có nhà ở sạch sẽ”. “Muốn có CNXH thì không có cách nào khác là phải dốc lực lượng của mọi người ra để sản xuất. Sản xuất là mặt trận chính của chúng ta hiện nay ở miền Bắc... Muốn phát triển sức sản xuất thì trước hết phải nâng cao năng suất lao động và muốn nâng cao năng suất lao động thì phải tổ chức lao động cho tốt”. Bởi vậy, Người cho rằng: “CNXH là phải có biện pháp. Kế hoạch một phần, biện pháp phải hai phần, và quyết tâm phải ba phần, có như thế mới có thể hoàn thành và hoàn thành vượt mức kế hoạch nhà nước”. Chủ tịch Hồ Chí Minh chỉ rõ: \"Cách mạng XHCN là cuộc cách mạng sâu sắc nhất, triệt để nhất, chưa từng có trong lịch sử nước nhà: “Biến đổi một xã hội cũ thành một xã hội mới, không phải là một chuyện dễ. Nhưng đó là những khó khăn trong sự trưởng thành. Toàn Đảng, toàn dân đồng sức đồng lòng thì khó khăn gì cũng nhất định khắc phục được”(6).\r\n<br>\r\n(1), (2), (3), (4), (5), (6): Hồ Chí Minh toàn tập, Nxb Chính trị Quốc gia, H.2011, tập 2, 11, 12, 13', '', NULL),
(69, 'Mở đầu', 11, 'Di chúc của Chủ tịch Hồ Chí Minh là văn bản gốc do Bác viết từ ngày 10/5/1965 đến ngày 19/5/1969. Hiện nay, bản Di chúc đang được Cục Lưu trữ Văn phòng Trung ương Đảng bảo quản theo chế độ đặc biệt.\r\n<image>\r\nDi chúc của Chủ tịch Hồ Chí Minh là một tài liệu có ý nghĩa vô cùng to lớn, là di sản văn hóa vô cùng quý báu của Đảng và dân tộc ta. Năm 2012, Di chúc Chủ tịch Hồ Chí Minh được công nhận là bảo vật quốc gia.', 'https://media-cdn-v2.laodong.vn/storage/newsportal/2019/9/1/752327/BAN-DI-CHUC_Cover.jpg', 'Bút tích Bản Di chúc của Chủ tịch Hồ Chí Minh'),
(70, 'Mô tả chi tiết', 11, '<image>\r\nBản Di chúc của Bác được viết trên giấy, gồm 8 tờ. Trong đó bản viết ngày 10.5.1965 có 3 tờ kích thước 21 x 27cm; bản viết tháng 5.1968 có 3 tờ kích thước 18,5 x 26cm và 1 tờ kích thước 18,5 x 24cm; bản viết ngày 10.5.1969 có 1 tờ kích thước 20 x 30,5cm.\r\n<image>\r\n3 tờ của bản Di chúc ngày 15/5/1965 được đánh máy chữ mực xanh (đánh máy một mặt) trên giấy thường, có chữ ký của Chủ tịch Hồ Chí Minh phía cuối trang 3, bên cạnh chữ ký của Chủ tịch Hồ Chí Minh là chữ ký của người làm chứng là Bí thư thứ nhất Ban Chấp hành Trung ương Đảng Lê Duẩn.\r\n<br>\r\n4 tờ tháng 5.1968 được viết bằng mực xanh, 2 tờ viết hai mặt, 2 tờ viết một mặt. Xen kẽ dòng viết mực xanh là những dòng viết bằng mực đỏ, có chỗ gạch xóa.\r\n<br>\r\n1 tờ ngày 10.5.1969 được viết bằng mực xanh ở mặt sau của tờ Tin tham khảo đặc biệt của Việt Nam Thông tấn xã) trang 15a, ra ngày 3/5/1969). Xen kẽ dòng viết mực xanh là những dòng viết bằng mực đỏ, có chỗ gạch xóa.\r\n<br>\r\nBản Di chúc hiện đang được Cục Lưu trữ Văn phòng Trung ương Đảng bảo quản theo chế độ đặc biệt. Tuy nhiên, các tờ giấy đều có chất lượng không tốt, trong tình trạng ố vàng, một số dòng chữ hơi nhòe. Để hạn chế tối đa việc phục vụ bản gốc Di chúc làm ảnh hưởng đến tình trạng vật lý của tài liệu, ngày 14/9/2015 Cục đã có công văn về việc đề nghị sao Di chúc của Chủ tịch Hồ Chí Minh.\r\n<br>\r\nĐược sự đồng ý của lãnh đạo Văn phòng Trung ương Đảng, bản Di chúc đã được sao thành 3 bản in mầu. Ba bản in mầu này hiện đang được lưu giữ cùng với bản gốc của Di chúc.', 'https://znews-photo.zingcdn.me/w860/Uploaded/qoswae/2019_08_20/anh1_3.jpg, https://vnn-imgs-f.vgcloud.vn/2019/08/24/09/di-chuc-cua-bac-ho-duoc-luu-giu-bao-quan-nhu-the-nao-3.jpg', 'https://znews-photo.zingcdn.me/w860/Uploaded/qoswae/2019_08_20/anh1_3.jpg, Bút tích Di chúc của Chủ tịch Hồ Chí Minh');
INSERT INTO `heritage_paragraphs` (`id`, `title`, `heritage_id`, `description`, `image_url`, `image_description`) VALUES
(71, 'Một tài sản vô giá, kết tinh tư tưởng, đạo đức, phong cách Hồ Chí Minh', 11, 'Cách đây 51 năm, đúng dịp Quốc khánh năm 1969, Chủ tịch Hồ Chí Minh đã ra đi mãi mãi trong sự thương tiếc của toàn Đảng toàn quân toàn dân. Người ra đi, để lại cho đất nước, cho Đảng ta, nhân dân ta một văn kiện lịch sử vô giá đó là bản Di chúc thiêng liêng.\r\n<image>\r\nKhi viết bản di chúc lần đầu, Bác đề một dòng chữ tiêu đề phía trên là \"Tài liệu Tuyệt đối bí mật\". Người viết bản di chúc lần đầu tiên vào dịp sinh nhật năm 1965 và sửa lại trong 4 năm sau đó. Bản đầu tiên do Bác tự đánh máy và có chữ ký của người chứng kiến là Bí thư thứ nhất Ban chấp hành Trung ương Đảng Lê Duẩn. Bản viết cuối cùng được viết ở mặt sau một bản tin tham khảo đặc biệt của Thông tấn xã Việt Nam.\r\n<image>\r\nBản di chúc được công bố tại lễ Quốc tang ngày 9/9/1969 được Bộ Chính trị biên soạn từ 3 bản thảo di chúc của Người. Nhưng toàn văn di chúc phải đến 20 năm sau mới được công bố. Năm 1989, Bộ Chính trị và sau đó là Quốc hội đã ra một nghị quyết miễn thuế nông nghiệp 1 năm cho nông dân theo đúng lời căn dặn trong di chúc của Người.\r\n<image>\r\nChỉ hơn 1.000 từ nhưng Di chúc của Bác là một tài sản vô giá, kết tinh tư tưởng, đạo đức, phong cách Hồ chí Minh. 51 năm đã qua, những lời Người dặn lại nước non vẫn còn nguyên giá trị lịch sử, như ngọn đuốc luôn soi rọi trên con đường đi lên của dân tộc ta.', 'https://vtv1.mediacdn.vn/thumb_w/640/2020/9/2/di-chuc-1599002959097264723481.png, https://vtv1.mediacdn.vn/thumb_w/640/2020/9/2/12-1599002998359984736477.png,\r\nhttps://vtv1.mediacdn.vn/thumb_w/640/2020/9/2/13-1599002998360505660580.png', 'Bản Di chúc của Chủ tịch Hồ Chí Minh, Bản Di chúc của Chủ tịch Hồ Chí Minh, Bản Di chúc của Chủ tịch Hồ Chí Minh'),
(77, 'Mở đầu', 12, 'Trong số các bảo vật quốc gia, xe tăng T54B – số hiệu 843 chiếm vị trí đặc biệt, là biểu tượng của tinh thần chiến đấu kiên cường, thần tốc, trở thành một huyền thoại vang danh.\r\n<image>\r\n843 chính là chiếc xe tăng đầu tiên húc đổ cổng phụ Dinh Độc Lập ngày 30/4/1975, đánh dấu sự kết thúc của chế độ ngụy quyền Sài Gòn\r\n<br>\r\nHiện, xe tăng 843 được bảo dưỡng và trưng bày tại Bảo tàng Lịch sử Quân sự Việt Nam ở Thủ đô Hà Nội, là vật chứng xác thực ghi dấu chiến công to lớn của quân và dân ta trong Chiến dịch Hồ Chí Minh lịch sử.', 'https://upload.wikimedia.org/wikipedia/commons/thumb/e/ee/T54B_Tank_No._843_-_From_Saigon_Conquest_-_Vietnam_Military_History_Museum_-_Hanoi_-_Vietnam_%2848072098881%29.jpg/1161px-T54B_Tank_No._843_-_From_Saigon_Conquest_-_Vietnam_Military_History_Museum_-_Hanoi_-_Vietnam_%2848072098881%29.jpg', 'Xe tăng số hiệu 843 được công nhận Bảo vật Quốc gia năm 2012.'),
(78, 'Hiện vật lịch sử: Chiếc xe tăng số hiệu 843', 12, 'Trong hồ sơ lưu trữ của Bảo tàng, chiếc xe là hiện vật gốc, quý hiếm có giá trị lịch sử đặc biệt liên quan đến Chiến dịch Hồ Chí Minh trong cuộc Tổng tiến công và nổi dậy Mùa Xuân năm 1975. Những “vết thương” trên cơ thể “người lính già” là minh chứng đáng tự hào cho một thời xông pha trận mạc, góp phần vào thắng lợi cuối cùng của dân tộc.\r\n<image>\r\nĐược Liên Xô (trước đây) chế tạo, viện trợ cho Việt Nam trong cuộc kháng chiến chống Mỹ cứu nước, xe tăng số hiệu 843 được biên chế vào Đại đội 4 (Tiểu đoàn 1, Lữ đoàn xe tăng 203, Quân đoàn 2 từ tháng 5-1974). Nằm trong đội hình chiến đấu, xe tăng 843 đã hành quân tham gia giải phóng Huế, Đà Nẵng, các tỉnh miền Trung và thẳng tiến về Sài Gòn sau khi vượt gần 1000km với phương châm “thần tốc, quyết thắng”.', 'http://imgs.baobacgiang.com.vn/2015/04/24/15/20150424151804-60.jpg', 'Xe tăng số hiệu 843 trưng bày tại Bảo tàng Lịch sử Quân sự Việt Nam'),
(79, '1.000 cây số bất bại', 12, 'Cứ mỗi dịp gần thời điểm đất nước kỷ niệm những ngày lễ lớn như Giải phóng miền Nam, Quốc khánh, thành lập Quân đội nhân dân Việt Nam… Bảo tàng Lịch sử Quân sự Việt Nam đông hơn thường lệ.\r\n<br>\r\nDu khách đến đây dừng chân lâu hơn ở khu trưng bày hình ảnh, hiện vật về cuộc Tổng tiến công và nổi dậy mùa xuân năm 1975, đặc biệt là nơi trưng bày chiếc xe tăng mang số hiệu 843.\r\n<br>\r\nTrong hồ sơ Bảo vật Quốc gia lưu trữ tại Bảo tàng Lịch sử Quân sự Việt Nam, lịch sử, chiến công của chiếc xe tăng T54B – số hiệu 843 dài tới gần 10 trang giấy. Theo đó, chiếc xe 843 thuộc Đại đội 4, Tiểu đoàn 1, Lữ đoàn xe tăng 203 thuộc Quân đoàn 2.\r\n<br>\r\nTheo thông tin, thời điểm đó xe được điều khiển bởi kíp lái “thép” là Trung úy Bùi Quang Thận, hạ sĩ Lữ Văn Hỏa, pháo thủ số 1 Thái Bá Minh, pháo thủ số 2 Nguyễn Văn Kỷ.\r\n<br>\r\nTháng 3/1975, kíp tăng T54B – số hiệu 843 được lệnh tiên phong đánh vào Huế từ ngày 5/3 – 29/3. Sau khi giải phóng Huế, xe tiếp tục tiến công các lực lượng địch quân tại Đà Nẵng và giải phóng thành phố này.\r\n<br>\r\nĐà Nẵng giải phóng, Tiểu đoàn 1 tiếp tục nhận lệnh truy quét quân địch, giải phóng các quận, huyện ven biển Nam Trung Bộ. Lúc này, chiến dịch giải phóng Tây Nguyên cũng đang đến hồi kết, các đơn vị của địch co cụm về Sài Gòn cố thủ.\r\n<br>\r\nNgày 24/4/1975, Lữ đoàn 203 gồm 75 xe thiết giáp trong đó có xe tăng T54B – số hiệu 843 nhận lệnh tập kết tại một đồn điền cách Sài Gòn 100km chuẩn bị tấn công Sài Gòn từ hướng Đông.\r\n<br>\r\nTại mặt trận phía Đông, xe tăng 843 nằm trong đội hình tiên phong, thần tốc, đánh thọc sâu vào sào huyệt địch cùng với Lữ đoàn 203, Sư đoàn 304, Tiểu đoàn pháo 85 thuộc Trung đoàn pháo binh số 68, 1 tiểu đoàn pháo cao xạ thuộc Trung đoàn 68 và Lữ đoàn bộ binh 219. Mục tiêu của lực lượng tiên phong là nhanh chóng đánh chiếm Dinh Độc Lập và các địa điểm quan trọng trên đường tấn công.', NULL, NULL),
(80, 'Mở đường quyết tử', 12, '<image>\r\n9 giờ 30 phút ngày 30/4, lực lượng thọc sâu tiến đến cầu Sài Gòn. Giao tranh diễn ra ác liệt. Lực lượng của ta phải đối đầu với hỏa lực mạnh mẽ của địch từ xe tăng, pháo từ tàu dưới sông bắn tới. Tiểu đoàn 1 dàn trận đánh chặn hỏa lực địch và bắn vào các tàu pháo trên sông Sài Gòn.\r\n<br>\r\nCác đơn vị của ta bị tổn thất nặng phải dạt ra hai bên đường. Lúc này, xe tăng 843 cùng với Đại đội tăng số 4 được lệnh phá vỡ thế phòng ngự địch, mở đường quyết tử vượt cầu Sài Gòn và nhanh chóng chiếm cầu Thị Nghè.\r\n<br>\r\nTại cầu Thị Nghè, xe tăng 843 bắn cháy 2 xe thiết giáp M41 và M113 của địch, tăng hết tốc lực vượt qua cầu Thị Nghè dẫn đầu đội hình tấn công địch tại Hàng Xanh. Đến đây, lực lượng địch đã tháo chạy khỏi các vị trí trọng yếu, xe 843 tiến thẳng đến sào huyệt cuối cùng của địch.\r\n<image>\r\nĐến Dinh Độc Lập, xe 843 húc không đổ cổng chính. Trung úy Bùi Quang Thận cho xe dừng lại rồi nhanh chóng lên nóc Dinh Độc Lập cắm cờ chiến thắng của quân ta. Tại cổng vào, khi xe 843 bị kẹt lại thì chiếc xe thứ 2 số hiệu 390 đã húc đổ hoàn toàn cổng chính đưa quân ta bắt sống toàn bộ nội các của chính quyền Sài Gòn.\r\n<br>\r\nTuy nhiên, trong suốt một thời gian dài, đã xảy ra tranh cãi rằng đâu mới là chiếc xe tăng đầu tiên có được vinh dự húc tung cánh cổng chính của Dinh Độc Lập, và tiến vào tới giữa sân, tạo nên một trong những khoảnh khắc truyền cảm hứng bậc nhất trong lịch sử Việt Nam.\r\n<br>\r\nXe tăng mang số hiệu 390 là một trong những mẫu xe tăng T-59 được Trung Quốc viện trợ cho nước ta trong giai đoạn cuối của Cuộc kháng chiến chống Mỹ, và hoạt động bên cạnh những chiếc xe tăng T-54/55 do Liên Xô chế tạo. Đây cũng là bộ đôi xe tăng chủ lực của quân đội ta khi đó.\r\n<br>\r\nTheo các tài liệu quân sự, xe tăng T-59 thực chất là một biến thể nội địa hóa của dòng xe tăng T-54A của Liên Xô trước đây, được Trung Quốc chế tạo và thử nghiệm trong năm 1958 trước khi nó được đưa vào trang bị chính thức trong năm 1959.\r\n<br>\r\nTheo thống kê, có khoảng 9.500 chiếc T-59 được chế tạo trong giai đoạn từ 1958 - 1980. Đến nay, các mẫu T-54/55 và T-59 vẫn là lực lượng nòng cốt trong lực lượng tăng thiết giáp của quân đội ta, bên cạnh một số dòng xe tăng khác.', 'https://photo-cms-giaoducthoidai.epicdn.me/w820/Uploaded/2023/mfnms/2022-04-29/28-29-1.jpeg, https://photo-cms-giaoducthoidai.epicdn.me/w820/Uploaded/2023/mfnms/2022-04-29/28-29-2.jpg', 'Hình ảnh tư liệu, Hình ảnh tư liệu'),
(81, 'Xứng đáng là ngôi sao đầu', 12, 'Theo cán bộ Phòng Kiểm kê - Bảo quản, Bảo tàng Lịch sử Quân sự Việt Nam: Hiện vật đã được công nhận Bảo vật Quốc gia thì luôn luôn được kiểm tra, bảo quản, phần nào có hiện tượng xuống cấp là phải tiến hành bảo quản ngay. Thời gian tiến hành kiểm tra theo định kỳ 6 tháng và 1 năm, nếu xuống cấp sẽ bảo quản kịp thời. Qua quá trình theo dõi, bảo quản Bảo vật Quốc gia xe tăng 843, hiện xe tăng vẫn còn tương đối tốt cả bên trong và bên ngoài, bảo đảm mỹ quan và trưng bày lâu dài.\r\n<br>\r\nĐại diện Phòng Kiểm kê, Bảo quản – Bảo tàng Lịch sử Quân sự Việt Nam bày tỏ: Thời khắc xe tăng 843 tiến vào Dinh Độc Lập như một dấu chấm đầy ấn tượng cho sự kết thúc của chế độ Ngụy quyền Sài Gòn, chấm dứt chia cắt, non sông thu về một mối theo ước nguyện của Bác Hồ và toàn Đảng, toàn dân tộc.\r\n<br>\r\nNăm 1979, xe được đưa về Bảo tàng Lịch sử Quân sự để trưng bày và được công nhận là Bảo vật Quốc gia vào năm 2012. Trải qua thời gian dài sử dụng, xe tăng 843 đã bị hoen gỉ, xuống cấp. Cách đây khoảng 6 năm, bảo tàng đã mời chuyên gia về kỹ thuật quân sự của Việt Nam từ Nga trở về để tiến hành bảo dưỡng.\r\n<br>\r\nSau khi bảo dưỡng, một số linh kiện được thay thế, màu sơn nguyên bản như gốc. Hiện, nhìn xe tăng 843 mới tinh như lúc vừa nhập về để trưng bày cho du khách chiêm ngắm một huyền thoại của Quân đội nhân dân Việt Nam.', NULL, NULL),
(84, 'Mở đầu', 13, 'Chiếc MiG-21 mang số hiệu 5121 do Liên Xô cũ chế tạo, viện trợ cho Việt Nam, được sử dụng trong cuộc chiến đấu bảo vệ vùng trời miền Bắc từ tháng 7 năm 1972 đang được trưng bày tại sân sau của Bảo tàng Lịch sử Quân sự Việt Nam<image>', 'https://icdn.dantri.com.vn/thumb_w/960/2017/may-bay-mig2110-1513410945084.jpg', 'https://icdn.dantri.com.vn/thumb_w/960/2017/may-bay-mig2110-1513410945084.jpg'),
(85, 'Bảo vật Quốc gia bắn hạ “pháo đài bay”B-52 của Mỹ', 13, 'Chiếc máy bay được Nhà nước công nhận là Bảo vật Quốc gia trong đợt đầu (năm 2012) này cũng là chiếc tiên phong trong việc tìm ra cách đánh B-52 hiệu quả nhất trong 12 ngày đêm khói lửa của trận chiến Hà Nội-Điện Biên Phủ trên không cuối tháng 12-1972. Có 3 phi công từng sử dụng chiếc MiG này là Đinh Tôn, Vũ Đình Rạng và Phạm Tuân.\r\n<image>\r\nLần đầu tiên, phi công Đinh Tôn được lệnh xuất kích vào đêm 4-10-1971, anh phát hiện 2 chiếc B-52 nhưng ở thế đối đầu không đánh được, anh đành quay về và hạ cánh an toàn tại sân bay Thọ Xuân, Thanh Hóa. Người kế tiếp là Vũ Đình Rạng. Đêm 20-11-1971, anh cất cánh từ sân bay Anh Sơn, Nghệ An. Khi bật radar phát hiện thấy có B-52 ở phía trước cách mình 15km, đồng chí tăng tốc đến cự ly 8km thì phóng tên lửa. Lúc vòng trở lại thấy 1 chiếc B-52 khác, đồng chí bắn tiếp quả tên lửa thứ 2 rồi nhanh chóng thoát ly và tìm cách hạ cánh. Lần này, chiếc B-52 của địch bị thương phải lết về hạ cánh ở sân bay Tasli, Thái Lan. Tuy trận đánh chưa được như ý nhưng đủ cơ sở để khẳng định rằng MiG-21 của ta hoàn toàn có thể bắn rơi B-52 của Mỹ.\r\n<br>\r\nNgười thứ ba sử dụng chiếc MiG này để đánh B-52 là phi công Phạm Tuân. Chiều ngày 27-12-1972, đồng chí Phạm Tuân được lệnh cơ động từ Nội Bài lên sân bay Yên Bái. Khoảng 21 giờ cùng ngày, anh được lệnh xuất kích. Được sở chỉ huy dẫn đường, đồng chí phát hiện 2 chiếc B-52 và một tốp F-4 hộ tống. Khi còn cách mục tiêu khoảng 2-3km, anh bình tĩnh kiểm tra đường ngắm và bắn liền 2 quả tên lửa K13. Khi nhìn thấy một quầng lửa đỏ rực rơi xuống, anh tắt tăng lực bật ngửa máy bay vòng trái xuống độ cao 2.000m và hạ cánh an toàn.\r\n<br>\r\nTrận đánh đêm 27-12-1972 là lần đầu tiên Không quân Việt Nam bắn rơi B-52, “pháo đài bay” được coi là bất khả xâm phạm của không quân Mỹ, góp phần đập tan cuộc tập kích đường không chiến lược quy mô lớn bằng máy bay B-52 của đế quốc Mỹ vào Hà Nội, Hải Phòng trong 12 ngày đêm cuối năm 1972. Trong suốt quá trình chiến đấu, ngoài chiếc B-52 bị đồng chí Phạm Tuân bắn hạ, chiếc MiG-21 này còn bắn rơi được 4 máy bay nữa của Mỹ, góp phần làm nên chiến công vang dội của Không quân Việt Nam.', 'https://file.qdnd.vn/data/images/0/2019/11/30/phucthang/img_20191115_102824.jpg?dpi=150&quality=100&w=575', 'Máy bay MiG-21 số hiệu 5121 trưng bày tại sân sau của Bảo tàng Lịch sử Quân sự Việt Nam'),
(86, 'Hình ảnh chi tiết', 13, 'Dưới đây là một vài hình ảnh thực tế của chiếc máy bay MiG-21 số hiệu 5121 huyền thoại:\r\n<image>\r\n<image>\r\n<image>\r\n<image>\r\n<image>', 'https://danviet.mediacdn.vn/thumb_w/650/296231569849192448/2022/7/21/72-16583933998301234954200.jpg, https://danviet.mediacdn.vn/thumb_w/650/296231569849192448/2022/7/21/73-16583933999142112199654.jpg,\r\nhttps://danviet.mediacdn.vn/thumb_w/650/296231569849192448/2022/7/21/74-1658393399921548226964.jpg,\r\nhttps://danviet.mediacdn.vn/thumb_w/650/296231569849192448/2022/7/21/78-165839340013222189885.jpg,\r\nhttps://danviet.mediacdn.vn/thumb_w/650/296231569849192448/2022/7/21/78-165839340013222189885.jpg', 'Chiếc máy bay chiến đấu MiG-21 số hiệu 5121 của Không quân Nhân dân Việt Nam đã lập một chiến tích vô song trong lịch sử quân sự thế giới, Là Trung đoàn tiêm kích đầu tiên của Không quân Nhân dân Việt Nam, Số hiệu 5121, Phía đầu máy bay sơn 5 ngôi sao đỏ tượng trưng cho 5 chiến công bắn rơi máy bay Mỹ'),
(87, 'Mở đầu', 14, 'Mộ thuyền là một trong những táng tục đặc trưng của văn hóa Đông Sơn. Cho đến nay, mộ thuyền đã được phát hiện trong nhiều di tích Đông Sơn, cung cấp những tư liệu quý báu cho chúng ta tìm hiểu về tính chất cũng như các mối quan hệ của văn hóa nổi tiếng này. Một trong những phát hiện sớm nhất và quan trọng nhất về mộ thuyền trong văn hóa Đông Sơn đó là ngôi mộ Việt Khê (mộ số 2 - M2)', 'https://photo-cms-giaoducthoidai.epicdn.me/w820/Uploaded/2023/mfnms/2021-08-14/30-31-1.jpg', 'Mộ thuyền Việt Khê được công nhận là Bảo vật quốc gia'),
(88, 'Ngôi mộ thuyền lớn nhất của văn hóa Đông Sơn', 14, 'Mộ Việt Khê M2 được phát hiện vào năm 1961 cùng với 4 mộ thuyền khác tại một cánh đồng ven sông Hàn, thuộc thôn Ngọc Khê, xã Phù Ninh, huyện Thủy Nguyên, thành phố Hải Phòng. Trong 5 ngôi mộ, mộ Việt Khê M2 là quý giá nhất bởi còn khá nguyên vẹn và có nhiều đồ tùy táng, với hơn 100 hiện vật chôn theo.\r\n<image>\r\nĐây là ngôi mộ thuyền lớn nhất của văn hóa Đông Sơn, làm từ thân cây khoét rỗng, có hình dáng như một chiếc thuyền độc mộc với một đầu to, một đầu nhỏ. Quan tài có tiết diện hình tròn, gồm có phần thân và phần nắp, dài khoảng 4,76 m, cao khoảng 0,6 m. Mặt trong của quan tài được khoét rất đều và đẹp, nhưng mặt bên ngoài chỉ được bóc lớp vỏ cây chứ không có vết chế tác.\r\n<image>\r\nĐây cũng là ngôi mộ thuyền có nhiều đồ tùy táng nhất trong văn hóa Đông Sơn, với hơn 100 hiện vật, bao gồm đồ đồng, đồ sơn, một số đồ tre gỗ và da, nhưng không thấy có đồ sắt và đồ gốm. Những đồ tùy táng này được sắp xếp như sau: ở đầu to xếp những hiện vật cỡ lớn như trống, thạp, bình, đỉnh; ở đầu nhỏ đặt các công vụ và vũ khí như rìu, đục, dao găm; ở giữa có chuông, khay, thố và một mảnh da có sơn, dọc hai bên đặt các loại giáo có cán và bơi chèo bằng gỗ; dưới đáy quan tài còn có nhiều đồ đan, vải đã bị mục nát. Trong những đồ tùy táng này, bên cạnh các hiện vật đặc trưng của văn hóa Đông Sơn còn có các hiện vật phản ánh sự giao lưu, giao thoa văn hóa như kiếm, chuông, dao gọt hay khay.', 'https://baotanglichsu.vn/DataFiles/Uploaded/image/data%20Hung/thang%205%20nam%202017/mo%20thuyen%20viet%20khe/1.jpg,\r\nhttps://baotanglichsu.vn/DataFiles/Uploaded/image/data%20Hung/thang%205%20nam%202017/mo%20thuyen%20viet%20khe/2.jpg', 'Mộ Việt Khê được phát hiện tại công trường đào đất Việt Khê năm 1961,\r\nMộ thuyền Việt Khê - Văn hóa Đông Sơn'),
(89, 'Một số đồ tùy táng mộ thuyền Việt Khê', 14, '<image>\r\n<image>\r\n<image>\r\n<image>\r\n<image>\r\n<image>\r\n<image>\r\n<image>\r\n<image>\r\n<image>\r\n<image>\r\n<image>\r\nDựa trên kĩ thuật chế tác quan tài và đặc trưng đồ tùy táng, có thể định niên đại mộ Việt Khê M2 ở vào khoảng thế kỷ 3 - 2 trước Công nguyên.\r\n<br>\r\nViệc phát hiện mộ thuyền Việt Khê có ý nghĩa vô cùng to lớn. Nó không chỉ là nguồn tài liệu quý giá để nghiên cứu về táng tục và táng thức của cư dân Đông Sơn, mà còn là cơ sở để nghiên cứu về lịch sử hình thành giai cấp trong xã hội Đông Sơn, về mối quan hệ văn hóa giữa khu vực Bắc Việt Nam và Nam Trung Quốc, hay về các ngành nghề thủ công truyền thống.\r\n<br>\r\nVới những ý nghĩa đó, mộ Việt Khê M2 đã được Thủ tướng Chính phủ công nhận là Bảo vật Quốc gia vào năm 2013. Hiện nay mộ Việt Khê M2 đang được trưng bày tại Bảo tàng Lịch sử Quốc gia (Hà Nội) và luôn là một điểm dừng thú vị, hấp dẫn đối với khách tham quan trong và ngoài nước.', 'https://baotanglichsu.vn/DataFiles/Uploaded/image/data%20Hung/thang%205%20nam%202017/mo%20thuyen%20viet%20khe/3_0.jpg,\r\nhttps://baotanglichsu.vn/DataFiles/Uploaded/image/data%20Hung/thang%205%20nam%202017/mo%20thuyen%20viet%20khe/3.jpg,\r\nhttps://baotanglichsu.vn/DataFiles/Uploaded/image/data%20Hung/thang%205%20nam%202017/mo%20thuyen%20viet%20khe/4.jpg,\r\nhttps://baotanglichsu.vn/DataFiles/Uploaded/image/data%20Hung/thang%205%20nam%202017/mo%20thuyen%20viet%20khe/5.jpg,\r\nhttps://baotanglichsu.vn/DataFiles/Uploaded/image/data%20Hung/thang%205%20nam%202017/mo%20thuyen%20viet%20khe/6.jpg,\r\nhttps://baotanglichsu.vn/DataFiles/Uploaded/image/data%20Hung/thang%205%20nam%202017/mo%20thuyen%20viet%20khe/7.jpg,\r\nhttps://baotanglichsu.vn/DataFiles/Uploaded/image/data%20Hung/thang%205%20nam%202017/mo%20thuyen%20viet%20khe/8.jpg,\r\nhttps://baotanglichsu.vn/DataFiles/Uploaded/image/data%20Hung/thang%205%20nam%202017/mo%20thuyen%20viet%20khe/9.jpg,\r\nhttps://baotanglichsu.vn/DataFiles/Uploaded/image/data%20Hung/thang%205%20nam%202017/mo%20thuyen%20viet%20khe/10.jpg,\r\nhttps://baotanglichsu.vn/DataFiles/Uploaded/image/data%20Hung/thang%205%20nam%202017/mo%20thuyen%20viet%20khe/11.jpg,\r\nhttps://baotanglichsu.vn/DataFiles/Uploaded/image/data%20Hung/thang%205%20nam%202017/mo%20thuyen%20viet%20khe/13.jpg', 'Muôi đồng trang trí hình người thổi khèn, Muôi đồng hình tẩu, Đỉnh đồng, Bình đồng, Thạp đồng, Thố đồng, Âu đồng, Rìu đồng, Dao đồng, Giáo đồng, Trống đồng'),
(90, 'Mở đầu', 15, 'Âm hưởng tao nhã cùng điệu thức cao sang, quý phái của nhã nhạc cung đình Huế là điều khiến du khách muôn phương luôn nhớ về khi đã một lần thưởng thức. Đây còn là di sản văn hóa phi vật thể đáng tự hào và là loại hình âm nhạc nghệ thuật độc đáo của Việt Nam.\r\n<br>\r\nVậy nên, du lịch đến Huế không chỉ là hành trình khám phá quần thể di tích triều Nguyễn, về một thành phố mộng mơ nép mình bên dòng sông Hương nổi tiếng mà thưởng thức nhã nhạc cung đình còn là những trải nghiệm mà bạn đừng bỏ lỡ.', NULL, NULL),
(91, 'Giới thiệu về nhã nhạc cung đình Huế ', 15, '<image>\r\nNhã nhạc cung đình là thể loại nhạc có từ thời phong kiến được biểu diễn phục vụ trong cung đình vào những dịp lễ như: Đại triều, Thường triều, Tế giao, Tế miếu… Nhạc có lời hát tao nhã cùng điệu thức cao sang, quý phái góp phần tạo sự trang trọng cho các buổi lễ. Đây còn là biểu tượng của vương quyền và sự trường tồn, hưng thịnh của triều đại. Chính vì thế nhã nhạc cung đình Huế rất được các triều đại phong kiến Việt Nam coi trọng.', 'https://statics.vinpearl.com/nha-nhac-cung-dinh-hue-1_1624412367.jpg', 'Nhã nhạc cung đình là thể loại nhạc có từ thời phong kiến được biểu diễn phục vụ trong cung đình '),
(92, 'Nhã nhạc cung đình Huế được UNESCO công nhận khi nào?', 15, 'Nhã nhạc cung đình Huế được UNESCO công nhận là di sản văn hóa phi vật thể và truyền khẩu nhân loại vào giữa tháng 12/2003 và lễ đón bằng công nhận được tổ chức tại thủ đô Paris nước Pháp vào ngày 31/1/2004.\r\n<br>\r\nĐây là vinh dự và niềm tự hào to lớn cho Huế cũng như dân tộc Việt Nam. Đồng thời, sự vinh danh này còn góp phần tạo nên sức hút, nét hấp dẫn rất riêng cho ngành du lịch của thành phố Huế cổ kính và thơ mộng.\r\n<image>', 'https://statics.vinpearl.com/nha-nhac-cung-dinh-hue-2_1624412387.jpg', 'Nhã nhạc cung đình được UNESCO công nhận là di sản văn hóa phi vật thể vào giữa tháng 12/2003'),
(93, 'Lịch sử hình thành của Nhã nhạc cung đình Huế', 15, 'Theo sử sách ghi lại, nhã nhạc cung đình Huế có quá trình hình thành và phát triển theo từng giai đoạn qua các triều đại Lý - Trần. Các thế hệ kế thừa tiếp tục gìn giữ, bổ sung sáng tạo và phát triển loại hình nghệ thuật này ngày càng phong phú, tinh tế đạt đỉnh cao vào triều đại Nhà Nguyễn.\r\n<br>\r\nLịch sử hình thành nhã nhạc qua các thời đại phong kiến:\r\n<image>\r\nDưới thời Lý: nhã nhạc cung đình có từ thời Lý (giai đoạn 1010 - 1225) và bắt đầu hoạt động có quy củ về sau. Ở thời này, Nhã Nhạc có lời hát tao nhã, điệu thức cao sang là biểu tượng cho sự trường tồn, hưng thịnh và quyền lực của quân chủ phong kiến.\r\n<br>\r\nDưới thời Lê: nhã nhạc cung đình vào thời Lê (giai đoạn 1427 - 1788) được dành riêng cho giới quý tộc, bác học. Thể loại nhạc có kết cấu phức tạp, chặt chẽ với quy mô tổ chức rõ ràng, chi tiết. \r\n<br>\r\nTừ triều Lê, Nhã Nhạc được phân định ra nhiều thể loại riêng biệt như: Giao nhạc, Đại triều nhạc, Miếu nhạc, Đại yến nhạc, Thường triều nhạc, Cửu nhật nguyệt lai trùng nhạc… \r\n<br>\r\nTuy nhiên vào cuối Triều Lê, Nhã Nhạc không còn giữ được sự phát triển mà bắt đầu bước vào thời kỳ suy thoái, nhạt phai do nhiều nguyên nhân khác nhau.\r\n<br>\r\nDưới thời Nguyễn: nhã nhạc cung đình Huế phát triển mạnh mẽ trở lại và được tổ chức bài bản vào triều Nguyễn (giai đoạn 1802 - 1945). Đặc biệt vào nửa đầu thế kỷ XIX, triều đình vua Gia Long đã biết sử dụng thể loại âm nhạc bác học này để “di dưỡng tinh thần” khi mới lập nghiệp ở phương nam. \r\nTừ đây nhã nhạc đã gắn liền với cung đình Huế và phát triển theo mô thức quy phạm đúng chuẩn, có hệ thống, bài bản với hàng trăm nhạc chương. Giai đoạn này cũng là bước chuẩn bị quan trọng, tạo tiền đề phát triển cho âm Nhạc Cung Đình qua các đời vua sau.  \r\n<image>', 'https://statics.vinpearl.com/nha-nhac-cung-dinh-hue-3_1624412405.jpg, https://statics.vinpearl.com/nha-nhac-cung-dinh-hue-4_1624412423.jpg', 'Nhã nhạc cung đình có từ thời Lý, Hình ảnh nhã nhạc cung đình Huế vào triều Nguyễn '),
(94, 'Hình ảnh nhã nhạc cung đình Huế vào triều Nguyễn', 15, '<image>\r\nNhã nhạc cung đình Huế có thể được xem là tài sản vô giá của dân tộc ta. Giá trị này cần được bảo tồn và phát huy trong xã hội đương đại.\r\nMặc dù gặp nhiều khó khăn nhưng việc bảo tồn đã thu được nhiều thành quả tốt đẹp với những công tác cụ thể như sau: \r\n<br> \r\nNhã nhạc cung đình đã được tiến hành công tác bảo tồn từ những năm 1992. Qua vài năm sau đó, công tác bảo tồn Nhã nhạc đã dần đi vào quỹ đạo.\r\n<br> \r\nCác bài nhã nhạc cung đình Huế quan trọng đã được Nhà hát Nghệ thuật truyền thống Cung đình Huế bảo tồn như: 10 bản Ngự bao gồm Phẩm tuyết, Hồ quảng, Nguyên tiêu, Bình bán, Liên hoàn, nhã nhạc cung đình Huế - Lưu thủy kim tiền, Tây mai, Xung phong, Tẩu mã, Long hổ… cùng một số bài trong dàn Đại nhạc.\r\n<br> \r\nNhà hát Nghệ thuật truyền thống Cung đình Huế còn tiến hành biểu diễn Nhã nhạc qua các hình thức diễn xướng trong những dịp như: Festival Huế, lễ hội Phật giáo, lễ hội dân gian, một số nghi thức ngoại giao, biểu diễn phục vụ khách du lịch Huế đến tham quan, tìm hiểu… ', 'https://statics.vinpearl.com/nha-nhac-cung-dinh-hue_1624423519.jpg', 'Nhã nhạc ngày nay vẫn có điều kiện và không gian diễn tấu phong phú '),
(95, 'em nhã nhạc cung đình Huế ở đâu?', 15, 'Nhã nhạc cung đình Huế trên sông Hương là địa chỉ quen thuộc được nhiều du khách lựa chọn để thưởng thức nhã nhạc cung đình Huế. Du khách sẽ mua vé lên thuyền rồng, dạo quanh sông Hương thơ mộng và thưởng thức Nhã nhạc cùng các thể loại âm nhạc khác do ca sĩ biểu diễn. \r\n<image>\r\nDuyệt Thị Đường là nhà hát đầu tiên mở cửa biểu diễn Nhã nhạc được xây dựng dưới triều Nguyễn, cách đây gần 200 năm. Đây cũng chính là một trong những không gian diễn xướng cổ nhất Việt Nam và là nơi biểu diễn nhiều thể loại nghệ thuật như tuồng, múa, nhã nhạc cho nội cung vua. Đến với Duyệt Thị Đường, du khách sẽ thực sự ấn tượng với không gian hoành tráng, trang trọng và không khí linh thiêng.', 'https://statics.vinpearl.com/nha-nhac-cung-dinh-hue-7_1624412500.jpg', 'Nhã nhạc cung đình Huế trên sông Hương');

INSERT INTO `heritage_types` (`id`, `name`, `description`, `urlslug`) VALUES
(1, 'Di sản văn hóa thiên nhiên', 'Di sản văn hóa thiên nhiên', 'di-san-van-hoa-thien-nhien');
INSERT INTO `heritage_types` (`id`, `name`, `description`, `urlslug`) VALUES
(2, 'Di sản văn hóa phi vật thể', 'Di sản văn hóa phoi vật thể', 'di-san-van-hoa-phi-vat-the');
INSERT INTO `heritage_types` (`id`, `name`, `description`, `urlslug`) VALUES
(3, 'Di tích', 'Di tích', 'di-tich');
INSERT INTO `heritage_types` (`id`, `name`, `description`, `urlslug`) VALUES
(4, 'Bảo vật quốc gia', 'Bảo vật quốc gia', 'bao-vat-quoc-gia');

INSERT INTO `heritages` (`id`, `name`, `heritage_type_id`, `location_id`, `management_unit_id`, `time`, `urlslug`, `heritage_category_id`, `short_description`, `image_360_url`, `view_count`, `video_url`) VALUES
(1, 'Trống đồng Ngọc Lũ', 4, 1, 1, 'Cách ngày nay 2500 - 2000 năm\r\nVăn hóa Đông Sơn', 'trong-dong-ngoc-lu', 11, 'Ngọc Lũ I là một trong những chiếc trống đồng Đông Sơn có kích thước to lớn, hình dáng cổ kính, tập trung hoa văn phong phú nhất, hiện được trưng bày tại Bảo tàng Lịch sử Việt Nam. Tuổi của trống được xác định vào khoảng 2500 năm.', '', 1000022, 'https://youtu.be/uY5pJqzD5y8');
INSERT INTO `heritages` (`id`, `name`, `heritage_type_id`, `location_id`, `management_unit_id`, `time`, `urlslug`, `heritage_category_id`, `short_description`, `image_360_url`, `view_count`, `video_url`) VALUES
(2, 'Trống đồng Hoàng Hạ', 4, 1, 1, 'Cách ngày nay 2500 - 2000 năm\r\nVăn hóa Đông Sơn', 'trong-dong-hoang-ha', 11, 'Hoàng Hạ là một trong những chiếc trống đồng Đông Sơn có kích thước lớn, có nhiều hoa văn phong phú, hiện được tàng trữ tại Bảo tàng Lịch sử Việt Nam.', '', 123670, 'https://youtu.be/UnGL5g4AHT0');
INSERT INTO `heritages` (`id`, `name`, `heritage_type_id`, `location_id`, `management_unit_id`, `time`, `urlslug`, `heritage_category_id`, `short_description`, `image_360_url`, `view_count`, `video_url`) VALUES
(3, 'Thạp đồng Đào Thịnh', 4, 1, 1, 'Cách ngày nay 2500 - 2000 năm\r\nVăn hóa Đông Sơn', 'thap-dong-dao-thinh', 11, 'Thạp đồng Đào Thịnh là một hiện vật bằng đồng thuộc nền văn hóa Đông Sơn. Thạp được phát hiện năm 1961, được xác định có niên đại từ 2500 - 2000 năm cách ngày nay', '', 21318, 'https://youtu.be/DezB3hkByeU');
INSERT INTO `heritages` (`id`, `name`, `heritage_type_id`, `location_id`, `management_unit_id`, `time`, `urlslug`, `heritage_category_id`, `short_description`, `image_360_url`, `view_count`, `video_url`) VALUES
(4, 'Tượng đồng hai người cõng nhau thổi khèn', 4, 1, 1, 'Cách ngày nay 2500 - 2000 năm\r\nVăn hóa Đông Sơn', 'tuong-dong-hai-nguoi-cong-nhau-thoi-khen', 12, 'Tượng được công nhận là bảo vật quốc gia từ năm 2012, đang trưng bày cùng nhiều hiện vật tại khu Di tích văn hóa Đông Sơn ở tầng một, Bảo tàng Lịch sử Quốc gia.', '', 45925, 'https://youtu.be/d4IbnlG9TwY'),
(5, 'Cây đèn đồng hình người quỳ', 4, 1, 1, 'Cách ngày nay 2000 - 1700 năm\r\nVăn hóa Đông Sơn', 'cay-den-dong-hinh-nguoi-quy', 11, 'Cây đèn đồng hình người quỳ là một hiện vật độc đáo tiêu biểu vào thời kỳ cuối văn hóa Đông Sơn, nằm trong số 30 bảo vật quốc gia đợt 1, năm 2012 và hiện đang được lưu giữ tại Bảo tàng Lịch sử quốc gia.', '', 1552, 'https://youtu.be/beLEQpx-uuI'),
(6, 'Trống đồng Cảnh Thịnh', 4, 1, 1, 'Năm 1800\r\nThời Tây Sơn', 'trong-dong-canh-thinh', 11, 'Trống đồng Cảnh Thịnh là loại hình hiện vật độc bản có giá trị nghệ thuật cổ tiêu biểu không chỉ cho giai đoạn lịch sử của một triều đại mà giá trị tự thân đã là một bảo vật quốc gia nối mạch cao quý nhiều đời truyền lại.', '', 2570, 'https://youtu.be/SK06pdfh_CU'),
(7, 'Tượng Phật Đồng Dương', 4, 2, 3, 'Thế kỷ VIII-XIX\r\nVăn hóa Chăm Pa', 'tuong-phat-dong-duong', 12, 'Tượng Phật Đồng Dương là pho tượng tạc hình Đức Phật Thích Ca Mâu Ni được tìm thấy bởi nhà khảo cổ học người Pháp Henri Parmentier vào tháng 4-1911 tại Đồng Dương, xã Bình Định, huyện Thăng Bình, tỉnh Quảng Nam.', '', 14938, 'https://youtu.be/1ryTpDtdnfw'),
(8, 'Tượng Nữ Thần Devi (Hương Quế)', 4, 2, 3, 'Thế kỷ X\r\nVăn hóa Chăm Pa', 'tuong-nu-than-devi-huong-que', 12, 'Tượng Nữ thần Devi được tìm thấy ở Hương Quế. Năm 1901, Louis Finot đã phát hiện một pho tượng quý, đó là tượng nữ thần Devi.', '', 30704, ''),
(9, 'Tượng Bồ tát Tara', 4, 3, 5, 'Thế kỷ IX - đầu thế kỉ X\r\nVăn hóa Chăm Pa', 'tuong-bo-tat-tara', 12, 'Tượng Bồ-tát Ta Ra là một trong những pho tượng bằng đồng cổ nhất nước ta, mặc dù đã có tuổi trên 1.300 năm nhưng vẫn còn rất tốt.', '', 140012, ''),
(10, 'Cuốn “Đường Kách mệnh”', 4, 1, 1, 'Năm 1927', 'duong-canh-menh', 11, 'Đường Kách mệnh là tác phẩm ghi lại những bài giảng của Nguyễn Ái Quốc cho các lớp đào tạo cán bộ tại Quảng Châu do Bộ tuyên truyền của \"Hội Liên hiệp các dân tộc bị áp bức ở Á Đông\" phát hành vào đầu năm 1927.', '', 101059, 'https://youtu.be/YHGJr-59TUU'),
(11, 'Bản Di chúc của Chủ tịch Hồ Chí Minh', 4, 1, 4, '15/5/1965', 'di-chuc-cua-chu-tich-Ho-Chi-Minh', 11, 'Di chúc của Chủ tịch Hồ Chí Minh là bản di chúc do Chủ tịch nước Việt Nam Dân chủ Cộng hòa Hồ Chí Minh lập, được công bố một phần sau khi ông qua đời.', '', 244541, 'https://youtu.be/x3z6Ytf_5ds'),
(12, 'Xe tăng T54B, số hiệu 843', 4, 2, 10, 'Năm 1975', 'xe-tang-843', 11, 'Chiếc xe tăng T54B mang số hiệu 843, một trong những chiếc xe tăng đầu tiên húc vào cổng phụ Dinh Độc Lập vào trưa 30-4-1975, đã được công nhận là Bảo vật Quốc gia và trở thành hiện vật vô cùng quý giá của dân tộc.', '', 456460, 'https://youtu.be/WCcVE2jZDy4'),
(13, 'Máy bay Mig 21 F96, số hiệu 5121', 4, 2, 10, 'Năm 1972', 'may-bay-mic-21-f96-so-hieu-5121', 11, ' Máy bay MiG-21 số hiệu 5121 là hiện vật có giá trị đặc biệt liên quan đến chiến dịch đánh bại cuộc tập kích chiến lược bằng B52 của Mỹ', '', 45649, 'https://youtu.be/x1ha6E31cT8'),
(14, 'Mộ thuyền Việt Khê', 4, 1, 1, 'Cách ngày nay khoảng 2.500 - 2.000 năm', 'mo-thuyen-viet-khe', 11, 'Mộ thuyền là một trong những táng tục đặc trưng của văn hóa Đông Sơn. Cho đến nay, mộ thuyền đã được phát hiện trong nhiều di tích Đông Sơn, cung cấp những tư liệu quý báu cho chúng ta tìm hiểu về tính chất cũng như các mối quan hệ của văn hóa nổi tiếng này.', '', 78328, 'https://youtu.be/PguPsaTwP1w'),
(15, 'Nhã nhạc - Âm nhạc Cung đình Việt Nam', 2, 5, 20, 'Thế kỉ XIII', 'nha-nhac-am-nhac-cung-dinh-Viet-Nam', 4, 'Nhã nhạc cung đình Huế là thể loại nhạc của cung đình thời phong kiến, được biểu diễn vào các dịp lễ hội trong năm của các triều đại nhà Nguyễn của Việt Nam.', '', 456557, 'https://youtu.be/YsYaqev7OIE'),
(16, 'Hát Xoan ở Phú Thọ', 2, 6, 20, 'Thế kỉ XV', 'hat-xoan-o-phu-tho', 4, 'Hát Xoan là di sản văn hóa phi vật thể quý báu của vùng Đất Tổ nói riêng và trong kho tàng di sản văn hóa dân tộc Việt Nam nói chung.', NULL, 45664, 'https://youtu.be/FJrX6_25JA8'),
(17, 'Võ cổ truyền Bình Định', 2, 7, 20, 'Năm 1471', 'vo-co-truyen-binh-dinh', 4, 'Võ thuật Bình Định bao gồm nhiều môn võ cổ truyền có xuất xứ từ tỉnh Bình Định hoặc đã từng phổ biến ở tỉnh này sau đó được truyền bá rộng rãi khắp cả Việt Nam và thế giới.', NULL, 85160, 'https://youtu.be/c27MaVknNSM'),
(18, 'Múa rối nước', 2, 8, 20, 'Thời nhà Lý', 'mua-roi-nuoc', 4, 'Múa rối nước là một loại hình nghệ thuật sân khấu dân gian truyền thống ra đời từ nền văn minh lúa nước. Từ một nghệ thuật mang yếu tố dân gian, múa rối nước đã trở thành một nghệ thuật truyền thống, và là một sáng tạo đặc trưng của người Việt Nam.', '', 65469, 'https://youtu.be/UflrbiIQlBA'),
(19, 'Hội Gióng đền Phù Đổng và đền Sóc ', 2, 1, 20, 'Khoảng thế kỉ XI', 'hoi-giong-den-phu-dong-va-den-soc', 5, 'Hội Gióng là một lễ hội truyền thống hàng năm ở nhiều nơi thuộc vùng Hà Nội để tưởng niệm và ca ngợi chiến công của người anh hùng truyền thuyết Thánh Gióng, một trong tứ bất tử của tín ngưỡng dân gian Việt Nam', '', 34558, 'https://youtu.be/ibZDQw-X3-g'),
(20, 'Nghề làm gốm của người Chăm', 2, 9, 20, 'Chưa có dữ liệu', 'nghe-lam-gom-cua-nguoi-cham', 8, 'Gốm Chăm được làm ra nhờ sự khéo léo, uyển chuyển, mềm mại của đôi tay và cơ thể, của sự sáng tạo cá nhân người phụ nữ Chăm.', NULL, 54678, 'https://youtu.be/CRYSQN-aVMA'),
(21, 'Khu Trung tâm Hoàng thành Thăng Long - Hà Nội', 3, 1, 20, 'Năm 1010', 'khu-trung-tam-hoang-thanh-thang-long-ha-noi', 3, 'Hoàng thành Thăng Long Hà Nội là quần thể di tích gắn với các giai đoạn lịch sử của dân tộc và là địa điểm tham quan hấp dẫn khi sở hữu nhiều công trình kiến trúc cổ xưa, đa dạng hoạt động ý nghĩa.', NULL, 213434, 'https://youtu.be/quyFhtMHies'),
(22, 'Quần thể kiến trúc Cố đô Huế', 3, 5, 20, 'Đầu thế kỷ XIX-nửa đầu thế kỷ XX', 'quan-the-kien-truc-co-do-hue', 3, 'Quần thể di tích Cố đô Huế hay Quần thể kiến trúc cố đô Huế là những di tích lịch sử - văn hóa do triều Nguyễn chủ trương xây dựng trong khoảng thời gian từ đầu thế kỷ 19 đến nửa đầu thế kỷ 20 trên địa bàn kinh đô Huế xưa.', NULL, 3245654, 'https://youtu.be/K1ie-Vgss-Q'),
(23, 'Đền Hùng', 3, 6, 20, 'Năm 968-979', 'den-hung', 3, 'Đền Hùng là tên gọi khái quát của Khu di tích lịch sử Đền Hùng - quần thể đền chùa thờ phụng các Vua Hùng và tôn thất của nhà vua trên núi Nghĩa Lĩnh (Việt Trì, Phú Thọ), gắn với Giỗ Tổ Hùng Vương - Lễ hội Đền Hùng được tổ chức tại địa điểm đó hàng năm vào ngày 10 tháng 3 âm lịch.', NULL, 645123, 'https://youtu.be/TWllttEMwvY'),
(24, 'Vườn Quốc gia Phong Nha - Kẻ Bàng', 3, 10, 20, 'Năm 1986', 'vuon-quoc-gia-phong-nha-ke-bang', 3, 'Khu bảo tồn Phong Nha-Kẻ Bàng có diện tích 5000 ha đã được Chính phủ Việt Nam chính thức công bố ngày 9 tháng 8 năm 1986 và đã được mở rộng thành 41.132 ha vào năm 1991', '', 45316, 'https://youtu.be/yOtqF9DRI-s'),
(25, 'Thống đồng thời Trần', 4, 11, 18, 'Thế kỉ XIII-XIV', 'thong-dong-thoi-tran', 11, 'Thống đồng thời Trần là một trong năm hiện vật quý của Bảo tàng Quảng Ninh đã được Thủ tướng Chính phủ công nhận Bảo vật Quốc gia ', NULL, 456546, NULL),
(26, 'Hộp vàng Ngọa Vân - Yên Tử', 4, 11, 18, 'Thế kỉ XIV', 'hop-vang-ngoa-van-yen-tu', 11, 'Hộp vàng Ngọa Vân - Yên Tử hay còn gọi là hộp vàng hình Hoa Sen, được xác định có niên đại thời Trần, nửa đầu thế kỷ 14.', NULL, 456451, 'https://youtu.be/kyFCWzHsihs'),
(27, 'Bình gốm Đầu Rằm', 4, 11, 18, 'Cách ngày nay hơn 3000 năm', 'binh-gom-dau-ram', 11, 'Bình gốm Đầu Rằm hay còn gọi là gốm Hoàng Tân được, được xác định có niên đại văn hóa Phùng Nguyên muộn, cách đây hơn 3.000 năm.', '', 46795, 'https://youtu.be/5l3S21UCsSs'),
(28, 'Mâm bồng gốm men vẽ nhiều màu', 4, 11, 18, 'Thế kỉ XV', 'mam-bong-gom-men-ve-nhieu-mau', 11, 'Mâm bồng gốm men vẽ nhiều màu là hiện vật bằng gốm, có niên đại khoảng thế kỷ XV, được sử dụng để đặt các lễ vật trong các nghi lễ tín ngưỡng, tôn giáo.', NULL, 78934, 'https://youtu.be/HgvB5ucUdZc'),
(30, 'Tượng Phật Hoàng Trần Nhân Tông', 4, 11, 18, 'Thế kỉ XVII', 'tuong-phat-hoang-tran-nhan-tong', 11, 'Tượng Phật Hoàng Trần Nhân Tông có niên đại thế kỷ 17, hiện được thờ trong tháp Huệ Quang, Khu di tích danh thắng Yên Tử (TP Uông Bí).', NULL, 345345, 'https://youtu.be/bexNuUYPLMg'),
(31, 'Bộ sưu tập trang sức vàng Trà Veo 3 và Lâm Thượng', 4, 12, 19, 'Từ thế kỷ thứ X - XII ', 'bo-suu-tap-trang-suc-vang-tra-veo-3-va-lam-thuong', 15, 'Bộ sưu tập trang sức vàng Trà Veo 3 và Lâm Thượng, gồm 15 hiện vật là nhẫn, khuyên tai, hoa tai. Đây là những hiện vật gốc độc bản duy nhất cho đến thời điểm này', '', 31322, 'https://youtu.be/mNaYJOKhqto');

INSERT INTO `locations` (`id`, `name`, `urlslug`, `image_url`, `short_description`, `description`) VALUES
(1, 'Hà Nội', 'ha-noi', 'https://congdankhuyenhoc.qltns.mediacdn.vn/thumb_w/840/449484899827462144/2022/11/23/ho-hoan-kiem-3-16691738384281662170345.jpg', 'Hà Nội, thủ đô của Việt Nam, nổi tiếng với kiến trúc trăm tuổi và nền văn hóa phong phú với sự ảnh hưởng của khu vực Đông Nam Á, Trung Quốc và Pháp. Trung tâm thành phố là Khu phố cổ nhộn nhịp, nơi các con phố hẹp được mang tên \"hàng\".', 'Hà Nội, thủ đô của Việt Nam, nổi tiếng với kiến trúc trăm tuổi và nền văn hóa phong phú với sự ảnh hưởng của khu vực Đông Nam Á, Trung Quốc và Pháp. Trung tâm thành phố là Khu phố cổ nhộn nhịp, nơi các con phố hẹp được mang tên \"hàng\".');
INSERT INTO `locations` (`id`, `name`, `urlslug`, `image_url`, `short_description`, `description`) VALUES
(2, 'TP.Hồ Chí Minh', 'thanh-pho-ho-chi-minh', 'https://nhaf.net.vn/wp-content/uploads/2022/03/thanh-pho-ho-chi-minh-2048x1152.jpg', 'Thành phố Hồ Chí Minh (thường được gọi là Sài Gòn) là một thành phố ở miền nam Việt Nam nổi tiếng với vai trò nòng cốt trong chiến tranh Việt Nam. ', 'Thành phố Hồ Chí Minh (thường được gọi là Sài Gòn) là một thành phố ở miền nam Việt Nam nổi tiếng với vai trò nòng cốt trong chiến tranh Việt Nam. ');
INSERT INTO `locations` (`id`, `name`, `urlslug`, `image_url`, `short_description`, `description`) VALUES
(3, 'Đà Nẵng', 'da-nang', 'https://upload.wikimedia.org/wikipedia/commons/thumb/0/09/B%E1%BB%9D_%C4%91%C3%B4ng_c%E1%BA%A7u_R%E1%BB%93ng.jpg/576px-B%E1%BB%9D_%C4%91%C3%B4ng_c%E1%BA%A7u_R%E1%BB%93ng.jpg', 'Đà Nẵng là một thành phố trực thuộc trung ương, nằm trong vùng Duyên hải Nam Trung Bộ. Là thành phố trung tâm và lớn nhất khu vực miền Trung - Tây Nguyên.', 'Đà Nẵng là một thành phố trực thuộc trung ương, nằm trong vùng Duyên hải Nam Trung Bộ. Là thành phố trung tâm và lớn nhất khu vực miền Trung - Tây Nguyên.');
INSERT INTO `locations` (`id`, `name`, `urlslug`, `image_url`, `short_description`, `description`) VALUES
(4, 'Bắc Ninh', 'bac-ninh', 'https://media.vneconomy.vn/w800/images/upload/2022/10/04/bac-ninh.jpeg', 'Bắc Ninh là một tỉnh ở Việt Nam. Đây là tỉnh có diện tích nhỏ nhất cả nước, với vị trí nằm trong Vùng thủ đô Hà Nội, vùng kinh tế trọng điểm Bắc Bộ, thuộc vùng Đồng bằng sông Hồng. Bắc Ninh là trung tâm của xứ Kinh Bắc xưa, với 44 làng quan họ cổ, là cái nôi của Dân ca Quan họ được công nhận là di sản văn hóa phi vật thể đại diện của nhân loại sau nhã nhạc cung đình Huế', 'Bắc Ninh là một tỉnh ở Việt Nam. Đây là tỉnh có diện tích nhỏ nhất cả nước, với vị trí nằm trong Vùng thủ đô Hà Nội, vùng kinh tế trọng điểm Bắc Bộ, thuộc vùng Đồng bằng sông Hồng. Bắc Ninh là trung tâm của xứ Kinh Bắc xưa, với 44 làng quan họ cổ, là cái nôi của Dân ca Quan họ được công nhận là di sản văn hóa phi vật thể đại diện của nhân loại sau nhã nhạc cung đình Huế'),
(5, 'Huế', 'hue', 'https://upload.wikimedia.org/wikipedia/commons/thumb/a/ab/Meridian_Gate%2C_Hue_%28I%29.jpg/420px-Meridian_Gate%2C_Hue_%28I%29.jpg', 'Huế là thành phố tỉnh lỵ của tỉnh Thừa Thiên Huế, Việt Nam. Huế từng là kinh đô của Việt Nam dưới triều Tây Sơn và triều Nguyễn. Hiện nay, thành phố là một trong những trung tâm về văn hóa – du lịch, y tế chuyên sâu, giáo dục đào tạo, khoa học công nghệ của Miền Trung - Tây Nguyên và cả nước.', 'Huế là thành phố tỉnh lỵ của tỉnh Thừa Thiên Huế, Việt Nam. Huế từng là kinh đô của Việt Nam dưới triều Tây Sơn và triều Nguyễn. Hiện nay, thành phố là một trong những trung tâm về văn hóa – du lịch, y tế chuyên sâu, giáo dục đào tạo, khoa học công nghệ của Miền Trung - Tây Nguyên và cả nước.'),
(6, 'Phú Thọ', 'phu-tho', 'https://images.baodantoc.vn/uploads/2022/Th%C3%A1ng%207/Ng%C3%A0y_15/TRUNG/Ph%C3%BA%20Th%E1%BB%8D/1.jpg', 'Phú Thọ là đất cội nguồn, đất của thế dựng nước và giữ nước, đất của các di tích lịch sử; đất của các danh thắng, của các sản vật thiên nhiên độc đáo.', 'Phú Thọ là đất cội nguồn, đất của thế dựng nước và giữ nước, đất của các di tích lịch sử; đất của các danh thắng, của các sản vật thiên nhiên độc đáo.'),
(7, 'Bình Định', 'binh-dinh', 'https://media.baodautu.vn/Images/chicuong/2021/02/09/Binh_Dinh_-_1_copy.jpg', 'Bình Định là một tỉnh ven biển nằm ở phía bắc khu vực duyên hải Nam Trung Bộ, miền Trung của Việt Nam.', 'Bình Định là một tỉnh ven biển nằm ở phía bắc khu vực duyên hải Nam Trung Bộ, miền Trung của Việt Nam.'),
(8, 'Hải Dương', 'hai-duong', 'https://media.baodautu.vn/Images/chicuong/2021/08/07/19.jpg', 'Hải Dương là thành phố tỉnh lỵ của tỉnh Hải Dương, Việt Nam. Thành phố Hải Dương hiện là đô thị loại I trực thuộc tỉnh Hải Dương.', 'Hải Dương là thành phố tỉnh lỵ của tỉnh Hải Dương, Việt Nam. Thành phố Hải Dương hiện là đô thị loại I trực thuộc tỉnh Hải Dương.'),
(9, 'Bình Thuận', 'binh-thuan', 'https://i.ex-cdn.com/nhadautu.vn/files/content/2020/04/21/tinh-binh-thuan-1735.jpg', 'Bình Thuận là một tỉnh ven biển nằm ở cực nam khu vực duyên hải Nam Trung Bộ, miền Trung của Việt Nam.', 'Bình Thuận là một tỉnh ven biển nằm ở cực nam khu vực duyên hải Nam Trung Bộ, miền Trung của Việt Nam.'),
(10, 'Quảng Bình', 'quang-binh', 'https://ik.imagekit.io/tvlk/blog/2021/09/du-lich-quang-binh-1.jpg?tr=dpr-2,w-675', 'Quảng Bình là một tỉnh ven biển nằm ở phía nam khu vực Bắc Trung Bộ, miền Trung của Việt Nam.', 'Quảng Bình là một tỉnh ven biển nằm ở phía nam khu vực Bắc Trung Bộ, miền Trung của Việt Nam.'),
(11, 'Quảng Ninh', 'quang-ninh', 'https://tuyengiao.vn/Uploads/2021/5/10/29/quang-ninh-lam-theo-loi-bac.jpg', 'Quảng Ninh là tỉnh ven biển thuộc vùng Đông Bắc Bộ Việt Nam Theo quy hoạch phát triển kinh tế, Quảng Ninh vừa thuộc vùng kinh tế trọng điểm phía bắc vừa thuộc Vùng duyên hải Bắc Bộ.', 'Quảng Ninh là tỉnh ven biển thuộc vùng Đông Bắc Bộ Việt Nam Theo quy hoạch phát triển kinh tế, Quảng Ninh vừa thuộc vùng kinh tế trọng điểm phía bắc vừa thuộc Vùng duyên hải Bắc Bộ.'),
(12, 'Quảng Ngãi', 'quang-ngai', 'https://media.vneconomy.vn/w800/images/upload/2021/12/07/quang-ngai-sap-co-to-hop-cham-soc-phuc-hoi-suc-khoe-du-lich-nghi-duong-570-ti-dong-1573897120.jpeg', 'Quảng Ngãi là một tỉnh ven biển nằm ở vùng Duyên hải Nam Trung Bộ, Việt Nam.', 'Quảng Ngãi là một tỉnh ven biển nằm ở vùng Duyên hải Nam Trung Bộ, Việt Nam.'),
(14, 'Điện Biên', 'dien-bien', 'https://file3.qdnd.vn/data/images/0/2023/05/06/tranhang/1a976114930pm.jpg?dpi=150&quality=100&w=870', 'Điện Biên là tỉnh miền núi thuộc vùng Tây Bắc Bộ của Việt Nam, gắn liền với chiến dịch Điện Biên Phủ và lễ hội hoa ban. Tỉnh lỵ của tỉnh là thành phố Điện Biên Phủ.', 'Điện Biên là tỉnh miền núi thuộc vùng Tây Bắc Bộ của Việt Nam, gắn liền với chiến dịch Điện Biên Phủ và lễ hội hoa ban. Tỉnh lỵ của tỉnh là thành phố Điện Biên Phủ.');

INSERT INTO `management_units` (`id`, `name`, `description`, `urlslug`, `image_url`, `address`, `note`, `short_description`) VALUES
(1, 'Bảo tàng Lịch sử Quốc gia', 'Bảo tàng Lịch sử Việt Nam, cùng với Bảo tàng Cách mạng Việt Nam là hai bảo tàng đã được sáp nhập thành Bảo tàng Lịch sử quốc gia, tọa lạc ở thành phố Hà Nội.', 'bao-tang-lich-su-quoc-gia', 'http://www.hanoimoi.com.vn/Uploads/images/phananh/2021/11/04/baotang.jpg', '216 Đ. Trần Quang Khải, Tràng Tiền, Hoàn Kiếm, Hà Nội', 'Bảo tàng', 'Bảo tàng Lịch sử Việt Nam, cùng với Bảo tàng Cách mạng Việt Nam là hai bảo tàng đã được sáp nhập thành Bảo tàng Lịch sử quốc gia, tọa lạc ở thành phố Hà Nội.');
INSERT INTO `management_units` (`id`, `name`, `description`, `urlslug`, `image_url`, `address`, `note`, `short_description`) VALUES
(2, 'Bảo tàng Hồ Chí Minh', 'Bảo tàng Hồ Chí Minh là bảo tàng ở Hà Nội tập trung chủ yếu vào việc trưng bày những hiện vật, tư liệu về cuộc đời và con người Hồ Chí Minh. Nằm trong khu vực có nhiều di tích như: Lăng Chủ tịch Hồ Chí Minh, Khu di tích Phủ Chủ tịch, Chùa Một Cột,... tạo thành một quần thể các di tích thu hút khách tham quan trong và ngoài nước.', 'bao-tang-ho-chi-minh', 'https://bma.vn/wp-content/uploads/2022/07/bma-bao-tang-ho-chi-minh.jpg', 'Số 01 Nguyễn Tất Thành, phường 12, quận 4, Thành phố Hồ Chí Minh.', 'Bảo tàng', 'Bảo tàng Hồ Chí Minh là bảo tàng ở Hà Nội tập trung chủ yếu vào việc trưng bày những hiện vật, tư liệu về cuộc đời và con người Hồ Chí Minh. Nằm trong khu vực có nhiều di tích như: Lăng Chủ tịch Hồ Chí Minh, Khu di tích Phủ Chủ tịch, Chùa Một Cột,... tạo thành một quần thể các di tích thu hút khách tham quan trong và ngoài nước.');
INSERT INTO `management_units` (`id`, `name`, `description`, `urlslug`, `image_url`, `address`, `note`, `short_description`) VALUES
(3, 'Bảo tàng Lịch sử Thành phố Hồ Chí Minh', 'Bảo tàng Lịch sử Thành phố Hồ Chí Minh tọa lạc tại số 2 đường Nguyễn Bỉnh Khiêm, phường Bến Nghé, Quận 1, trong khuôn viên Thảo Cầm Viên Sài Gòn. Đây là nơi bảo tồn và trưng bày hàng chục ngàn hiện vật quý được sưu tầm trong và ngoài nước Việt Nam.', 'bao-tang-lich-su-thanh-pho-ho-chi-minh', 'https://bocapvang.net/wp-content/uploads/2022/09/bao-tang-lich-su-Viet-Nam-TPHCM-1-2048x1536.jpg', '2 Nguyễn Bỉnh Khiêm, Bến Nghé, Quận 1, Thành phố Hồ Chí Minh', 'Bảo tàng', 'Bảo tàng Lịch sử Thành phố Hồ Chí Minh tọa lạc tại số 2 đường Nguyễn Bỉnh Khiêm, phường Bến Nghé, Quận 1, trong khuôn viên Thảo Cầm Viên Sài Gòn. Đây là nơi bảo tồn và trưng bày hàng chục ngàn hiện vật quý được sưu tầm trong và ngoài nước Việt Nam.');
INSERT INTO `management_units` (`id`, `name`, `description`, `urlslug`, `image_url`, `address`, `note`, `short_description`) VALUES
(4, 'Cục lưu trữ Văn phòng Trung ương Đảng', 'Cục Lưu trữ Văn phòng Trung ương Đảng là tổ chức có vai trò quan trọng trong quản lý di sản của Đảng Cộng sản Việt Nam. Cục này đảm nhận nhiệm vụ thu thập, quản lý và bảo quản các tài liệu, hồ sơ và văn bản liên quan đến hoạt động của Đảng.', 'cuc-luu-tru-van-phong-trung-uong-dang', 'https://upload.wikimedia.org/wikipedia/commons/thumb/f/fc/CPV_Central_Committee_Office_%289753420401%29.jpg/375px-CPV_Central_Committee_Office_%289753420401%29.jpg', 'Số 9A Nguyễn Cảnh Chân,, Quận Ba Đình, Hà Nội', 'Tổ chức', 'Cục Lưu trữ Văn phòng Trung ương Đảng là tổ chức có vai trò quan trọng trong quản lý di sản của Đảng Cộng sản Việt Nam. Cục này đảm nhận nhiệm vụ thu thập, quản lý và bảo quản các tài liệu, hồ sơ và văn bản liên quan đến hoạt động của Đảng.'),
(5, 'Bảo tàng Điêu khắc Chăm Đà Nẵng', 'Bảo tàng Nghệ thuật Điêu khắc Chăm Đà Nẵng là bảo tàng do người Pháp xây dựng, chuyên sưu tập, cất giữ và trưng bày các di vật về nghệ thuật điêu khắc của vương quốc Chăm Pa tìm thấy ở các tháp, thành lũy Chăm tại các tỉnh duyên hải Nam Trung Bộ từ Hà Tĩnh tới Bình Thuận và các tỉnh Tây Nguyên.', 'bao-tang-dieu-khac-cham-da-nang', 'https://images.foody.vn/res/g29/280647/prof/s576x330/foody-mobile-m-cham-jpg-375-636111054731610260.jpg', 'Số 02 Đ. 2 Tháng 9, Bình Hiên, Hải Châu, Đà Nẵng', 'Bảo tàng', 'Bảo tàng Nghệ thuật Điêu khắc Chăm Đà Nẵng là bảo tàng do người Pháp xây dựng, chuyên sưu tập, cất giữ và trưng bày các di vật về nghệ thuật điêu khắc của vương quốc Chăm Pa tìm thấy ở các tháp, thành lũy Chăm tại các tỉnh duyên hải Nam Trung Bộ từ Hà Tĩnh tới Bình Thuận và các tỉnh Tây Nguyên.'),
(6, 'Bảo tàng Điêu khắc Chăm', 'Bảo tàng Nghệ thuật Điêu khắc Chăm Đà Nẵng là bảo tàng trưng bày hiện vật Chăm quy mô nhất ở Việt Nam, trực thuộc Bảo tàng Đà Nẵng.', 'bao-tang-dieu-khac-cham', 'https://static.vinwonders.com/2022/04/bao-tang-dieu-khac-cham-3.jpg', 'Số 02 Đ. 2 Tháng 9, Bình Hiên, Hải Châu, Đà Nẵng', 'Bảo tàng', 'Bảo tàng Nghệ thuật Điêu khắc Chăm Đà Nẵng là bảo tàng trưng bày hiện vật Chăm quy mô nhất ở Việt Nam, trực thuộc Bảo tàng Đà Nẵng.'),
(7, 'Chùa Phật Tích', 'Chùa Phật Tích còn gọi là chùa Vạn Phúc là một ngôi chùa nằm ở sườn phía Nam núi Phật Tích, xã Phật Tích, huyện Tiên Du, tỉnh Bắc Ninh. Trong chùa có tượng đức Phật bằng đá thời nhà Lý lớn nhất Việt Nam.', 'chua-phat-tich', 'https://cdn.sgtiepthi.vn/wp-content/uploads/2023/01/chua-phat-tich-dcdd13-1024x667.jpg', 'Thôn Phật Tích, Tiên Du, Bắc Ninh', 'Chùa', 'Chùa Phật Tích còn gọi là chùa Vạn Phúc là một ngôi chùa nằm ở sườn phía Nam núi Phật Tích, xã Phật Tích, huyện Tiên Du, tỉnh Bắc Ninh. Trong chùa có tượng đức Phật bằng đá thời nhà Lý lớn nhất Việt Nam.'),
(8, 'Chùa Bút Tháp', 'Chùa Bút Tháp nằm ở bên đê hữu ngạn sông Đuống, thôn Bút Tháp, xã Đình Tổ, thị xã Thuận Thành, tỉnh Bắc Ninh.', 'chua-but-thap', 'https://disanvanhoathuanthanh.vn/DataFiles/2017/12/News/Thumb/20171208-115619-RleJYueV.jpg', 'Bút Tháp, Thuận Thành, Bắc Ninh', 'Chùa', 'Chùa Bút Tháp nằm ở bên đê hữu ngạn sông Đuống, thôn Bút Tháp, xã Đình Tổ, thị xã Thuận Thành, tỉnh Bắc Ninh.'),
(9, 'Bảo tàng Cổ vật Cung đình Huế', 'Bảo tàng Cổ vật Cung đình Huế là một viện bảo tàng trực thuộc sự quản lý của Trung tâm bảo tồn di tích cố đô Huế. Tòa nhà chính của viện bảo tàng bằng gỗ, có 128 cây cột gỗ quý, trên các cột có hình chạm khắc tứ linh: long - li - quy - phụng và hơn 1000 bài thơ bằng chữ Hán.', 'bao-tang-co-vat-cung-dinh-hue', 'https://media.mia.vn/uploads/blog-du-lich/bao-tang-co-vat-cung-dinh-hue-nghin-nam-con-do-ve-dep-cua-van-hoa-co-do-1-1637922298.jpg', '03 Lê Trực, Phú Hậu, Thành phố Huế, Thừa Thiên Huế', 'Bảo tàng', 'Bảo tàng Cổ vật Cung đình Huế là một viện bảo tàng trực thuộc sự quản lý của Trung tâm bảo tồn di tích cố đô Huế. Tòa nhà chính của viện bảo tàng bằng gỗ, có 128 cây cột gỗ quý, trên các cột có hình chạm khắc tứ linh: long - li - quy - phụng và hơn 1000 bài thơ bằng chữ Hán.'),
(10, 'Bảo tàng Lịch sử Quân sự Việt Nam', 'Bảo tàng Lịch sử Quân sự Việt Nam là một trong các bảo tàng quốc gia và đứng đầu trong hệ thống Bảo tàng Quân đội, hiện đang lưu giữ, trưng bày hơn 15 vạn tài liệu, hiện vật', 'bao-tang-lich-su-quan-su-Viet-Nam', 'https://upload.wikimedia.org/wikipedia/commons/thumb/0/0f/Army_Museum_Entrance%2C_Hanoi.jpg/440px-Army_Museum_Entrance%2C_Hanoi.jpg', '28A Điện Biên Phủ, Điện Biên, Ba Đình, Hà Nội', 'Bảo tàng', 'Bảo tàng Lịch sử Quân sự Việt Nam là một trong các bảo tàng quốc gia và đứng đầu trong hệ thống Bảo tàng Quân đội, hiện đang lưu giữ, trưng bày hơn 15 vạn tài liệu, hiện vật'),
(18, 'Bảo tàng tỉnh Quảng Ninh', 'Bảo tàng Quảng Ninh là bảo tàng công lập đầu ngành của tỉnh Quảng Ninh. Bảo tàng Quảng Ninh là đơn vị sự nghiệp trực thuộc Sở Văn hóa và Thể thao tỉnh Quảng Ninh', 'bao-tang-tinh-quang-ninh', 'https://media.quangninh.gov.vn/618ca5c4-79b3-478a-8adb-4184369067f7/Libraries/HinhAnhBaiViet/A%20BAT/Nam%202020/Thang%2012/Tuan%203/ki%E1%BB%87t%20t%C3%A1c%20b%C3%AAn%20b%E1%BB%9D%20di%20%201.jpg', 'Trần Quốc Nghiễn, Hồng Gai, Thành phố Hạ Long, Quảng Ninh', 'Bảo tàng', 'Bảo tàng Quảng Ninh là bảo tàng công lập đầu ngành của tỉnh Quảng Ninh. Bảo tàng Quảng Ninh là đơn vị sự nghiệp trực thuộc Sở Văn hóa và Thể thao tỉnh Quảng Ninh'),
(19, 'Bảo tàng tổng hợp tỉnh Quảng Ngãi', 'Bảo tàng Tổng hợp tỉnh Quảng Ngãi là một địa điểm du lịch nổi tiếng tại khu vực miền Trung. Nằm tại số 02 đường Hùng Vương, thành phố Quảng Ngãi, tỉnh Quảng', 'bao-tang-tong-hop-tinh-quang-ngai', 'https://media.cungphuot.info/2019/03/26098/bao-tang-tinh-quang-ngai.jpg', '99 Lê Trung Đình, Trần Hưng Đạo, Quảng Ngãi, 53106', 'Bảo tàng', 'Bảo tàng Tổng hợp tỉnh Quảng Ngãi là một địa điểm du lịch nổi tiếng tại khu vực miền Trung. Nằm tại số 02 đường Hùng Vương, thành phố Quảng Ngãi, tỉnh Quảng'),
(20, 'Cục Di sản Văn hóa', 'Cục Di sản văn hóa là cơ quan trực thuộc Bộ Văn hóa, Thể thao và Du lịch, có chức năng tham mưu giúp Bộ trưởng thực hiện chức năng quản lý nhà nước về di sản văn hóa', 'cuc-di-san-van-hoa', 'https://baotang.thanhhoa.gov.vn/portal/LinkImage/aa3a60903ddfdccdc%E1%BB%A5c%20di%20s%E1%BA%A3n.jpg', 'Số 51 Ngô Quyền, quận Hoàn Kiếm, thành phố Hà Nội', 'Tổ chức', 'Cục Di sản văn hóa là cơ quan trực thuộc Bộ Văn hóa, Thể thao và Du lịch, có chức năng tham mưu giúp Bộ trưởng thực hiện chức năng quản lý nhà nước về di sản văn hóa');

INSERT INTO `users` (`id`, `user_name`, `subscribe_day`, `password`, `permission`) VALUES
(1, 'cuteo', '2023-04-27 01:52:02', 'teovippro', 0);
INSERT INTO `users` (`id`, `user_name`, `subscribe_day`, `password`, `permission`) VALUES
(3, 'suongqv', '2023-04-27 01:54:15', 'suongqv', 0);
INSERT INTO `users` (`id`, `user_name`, `subscribe_day`, `password`, `permission`) VALUES
(4, 'sangadmin', '2023-06-07 19:00:00', 'sang', 1);
INSERT INTO `users` (`id`, `user_name`, `subscribe_day`, `password`, `permission`) VALUES
(5, 'trangadmin', '2023-06-07 19:00:00', 'trang', 1),
(6, 'linhadmin', '2023-06-07 19:00:00', 'linh', 1),
(10, 'tructtt', '2023-06-07 05:34:20', 'truc', 0),
(15, 'quyndn', '2023-06-07 05:34:20', 'quynh', 0),
(16, 'nhattdm', '2023-06-07 19:00:00', 'nhat', 0);


/*!40101 SET SQL_MODE=@OLD_SQL_MODE */;
/*!40014 SET FOREIGN_KEY_CHECKS=@OLD_FOREIGN_KEY_CHECKS */;
/*!40014 SET UNIQUE_CHECKS=@OLD_UNIQUE_CHECKS */;
/*!40101 SET CHARACTER_SET_CLIENT=@OLD_CHARACTER_SET_CLIENT */;
/*!40101 SET CHARACTER_SET_RESULTS=@OLD_CHARACTER_SET_RESULTS */;
/*!40101 SET COLLATION_CONNECTION=@OLD_COLLATION_CONNECTION */;
/*!40111 SET SQL_NOTES=@OLD_SQL_NOTES */;